field,pi_record_no,place,same as,part of
consign_loc,K-12035,Paris,tgn/7008038,
consign_loc,K-12036,Paris,tgn/7008038,
consign_loc,K-12037,Paris,tgn/7008038,
consign_loc,K-12038,Paris,tgn/7008038,
consign_loc,K-12039,Paris,tgn/7008038,
consign_loc,K-12040,Paris,tgn/7008038,
consign_loc,K-12041,Paris,tgn/7008038,
consign_loc,K-12042,Paris,tgn/7008038,
consign_loc,K-12043,Paris,tgn/7008038,
consign_loc,K-12044,Paris,tgn/7008038,
consign_loc,K-12046,Paris,tgn/7008038,
consign_loc,K-12047,Paris,tgn/7008038,
consign_loc,K-12048,Paris,tgn/7008038,
consign_loc,K-12049,Paris,tgn/7008038,
consign_loc,K-12050,Paris,tgn/7008038,
consign_loc,K-12051,Paris,tgn/7008038,
consign_loc,K-12052,Paris,tgn/7008038,
consign_loc,K-12053,Paris,tgn/7008038,
consign_loc,K-12054,Paris,tgn/7008038,
consign_loc,K-12055,Paris,tgn/7008038,
consign_loc,K-12056,Paris,tgn/7008038,
consign_loc,K-12068,Paris,tgn/7008038,
consign_loc,K-12069,Paris,tgn/7008038,
consign_loc,K-12070,Paris,tgn/7008038,
consign_loc,K-12071,Paris,tgn/7008038,
consign_loc,K-12072,Paris,tgn/7008038,
consign_loc,K-12073,Paris,tgn/7008038,
consign_loc,K-12074,Paris,tgn/7008038,
consign_loc,K-12098,Paris,tgn/7008038,
consign_loc,K-12155,Munich,tgn/7004333,
consign_loc,K-12156,Munich,tgn/7004333,
consign_loc,K-12157,Munich,tgn/7004333,
consign_loc,K-12158,Munich,tgn/7004333,
consign_loc,K-12159,Munich,tgn/7004333,
consign_loc,K-12160,Munich,tgn/7004333,
consign_loc,K-12161,Munich,tgn/7004333,
consign_loc,K-12162,Munich,tgn/7004333,
consign_loc,K-12163,Munich,tgn/7004333,
consign_loc,K-12164,Munich,tgn/7004333,
consign_loc,K-12165,Munich,tgn/7004333,
consign_loc,K-12166,Munich,tgn/7004333,
consign_loc,K-12167,Munich,tgn/7004333,
consign_loc,K-12168,Munich,tgn/7004333,
consign_loc,K-14073,Paris,tgn/7008038,
consign_loc,K-14074,Paris,tgn/7008038,
consign_loc,K-14075,Paris,tgn/7008038,
consign_loc,K-14076,Paris,tgn/7008038,
consign_loc,K-14077,Paris,tgn/7008038,
consign_loc,K-14078,Paris,tgn/7008038,
consign_loc,K-14079,Paris,tgn/7008038,
consign_loc,K-14080,Paris,tgn/7008038,
consign_loc,K-14081,Paris,tgn/7008038,
consign_loc,K-14082,Paris,tgn/7008038,
consign_loc,K-14083,Paris,tgn/7008038,
consign_loc,K-14084,Paris,tgn/7008038,
consign_loc,K-14085,Paris,tgn/7008038,
consign_loc,K-14086,Paris,tgn/7008038,
consign_loc,K-14087,Paris,tgn/7008038,
consign_loc,K-14088,Paris,tgn/7008038,
consign_loc,K-14089,Paris,tgn/7008038,
consign_loc,K-14090,Paris,tgn/7008038,
consign_loc,K-14091,Paris,tgn/7008038,
consign_loc,K-14092,Paris,tgn/7008038,
consign_loc,K-14093,Paris,tgn/7008038,
consign_loc,K-14094,Paris,tgn/7008038,
consign_loc,K-14095,Paris,tgn/7008038,
consign_loc,K-14096,Paris,tgn/7008038,
consign_loc,K-14097,Paris,tgn/7008038,
consign_loc,K-18387,London,tgn/7011781,
consign_loc,K-19178,London,tgn/7011781,
consign_loc,K-19179,London,tgn/7011781,
consign_loc,K-19180,London,tgn/7011781,
consign_loc,K-19181,London,tgn/7011781,
consign_loc,K-19182,London,tgn/7011781,
consign_loc,K-19183,London,tgn/7011781,
consign_loc,K-19199,Munich,tgn/7004333,
consign_loc,K-19200,Munich,tgn/7004333,
consign_loc,K-19201,Munich,tgn/7004333,
consign_loc,K-19202,Munich,tgn/7004333,
consign_loc,K-19294,Paris,tgn/7008038,
consign_loc,K-19295,Paris,tgn/7008038,
consign_loc,K-19296,Paris,tgn/7008038,
consign_loc,K-19297,Paris,tgn/7008038,
consign_loc,K-19298,Paris,tgn/7008038,
consign_loc,K-19299,Paris,tgn/7008038,
consign_loc,K-19300,Paris,tgn/7008038,
consign_loc,K-19301,Paris,tgn/7008038,
consign_loc,K-19302,Paris,tgn/7008038,
consign_loc,K-19303,Paris,tgn/7008038,
consign_loc,K-19304,Paris,tgn/7008038,
consign_loc,K-19305,Paris,tgn/7008038,
consign_loc,K-19306,Paris,tgn/7008038,
consign_loc,K-19307,Paris,tgn/7008038,
consign_loc,K-19308,Paris,tgn/7008038,
consign_loc,K-19309,Paris,tgn/7008038,
consign_loc,K-19310,Paris,tgn/7008038,
consign_loc,K-19311,Paris,tgn/7008038,
consign_loc,K-19312,Paris,tgn/7008038,
consign_loc,K-19313,Paris,tgn/7008038,
consign_loc,K-19314,Paris,tgn/7008038,
consign_loc,K-19315,Paris,tgn/7008038,
consign_loc,K-19316,Paris,tgn/7008038,
consign_loc,K-19317,Paris,tgn/7008038,
consign_loc,K-19318,Paris,tgn/7008038,
consign_loc,K-19319,Paris,tgn/7008038,
consign_loc,K-19320,Paris,tgn/7008038,
consign_loc,K-19321,Paris,tgn/7008038,
consign_loc,K-19322,Paris,tgn/7008038,
consign_loc,K-19323,Paris,tgn/7008038,
consign_loc,K-19324,Paris,tgn/7008038,
consign_loc,K-19325,Paris,tgn/7008038,
consign_loc,K-19326,Paris,tgn/7008038,
consign_loc,K-19327,Paris,tgn/7008038,
consign_loc,K-19328,Paris,tgn/7008038,
consign_loc,K-19329,Paris,tgn/7008038,
consign_loc,K-19330,Paris,tgn/7008038,
consign_loc,K-19331,Paris,tgn/7008038,
consign_loc,K-19332,Paris,tgn/7008038,
consign_loc,K-19333,Paris,tgn/7008038,
consign_loc,K-19334,Paris,tgn/7008038,
consign_loc,K-19335,Paris,tgn/7008038,
consign_loc,K-19336,Paris,tgn/7008038,
consign_loc,K-19337,Paris,tgn/7008038,
consign_loc,K-19338,Paris,tgn/7008038,
consign_loc,K-19339,Paris,tgn/7008038,
consign_loc,K-19340,Paris,tgn/7008038,
consign_loc,K-19341,Paris,tgn/7008038,
consign_loc,K-19342,Paris,tgn/7008038,
consign_loc,K-19592,Paris,tgn/7008038,
consign_loc,K-19807,Paris,tgn/7008038,
consign_loc,K-19848,Paris,tgn/7008038,
consign_loc,K-19849,Paris,tgn/7008038,
consign_loc,K-19850,Paris,tgn/7008038,
consign_loc,K-19851,Paris,tgn/7008038,
consign_loc,K-19852,Paris,tgn/7008038,
consign_loc,K-19853,Paris,tgn/7008038,
consign_loc,K-19854,Paris,tgn/7008038,
consign_loc,K-19855,Paris,tgn/7008038,
consign_loc,K-19856,Paris,tgn/7008038,
consign_loc,K-19857,Paris,tgn/7008038,
consign_loc,K-19858,Paris,tgn/7008038,
consign_loc,K-19859,Paris,tgn/7008038,
consign_loc,K-19860,Paris,tgn/7008038,
consign_loc,K-19861,Paris,tgn/7008038,
consign_loc,K-19862,Paris,tgn/7008038,
consign_loc,K-19863,Paris,tgn/7008038,
consign_loc,K-19864,Paris,tgn/7008038,
consign_loc,K-19865,Paris,tgn/7008038,
consign_loc,K-19866,Paris,tgn/7008038,
consign_loc,K-19867,Paris,tgn/7008038,
consign_loc,K-19868,Paris,tgn/7008038,
consign_loc,K-19869,Paris,tgn/7008038,
consign_loc,K-19870,Paris,tgn/7008038,
consign_loc,K-19871,Paris,tgn/7008038,
consign_loc,K-19872,Paris,tgn/7008038,
consign_loc,K-19873,Paris,tgn/7008038,
consign_loc,K-19874,Paris,tgn/7008038,
consign_loc,K-19875,Paris,tgn/7008038,
consign_loc,K-19876,Paris,tgn/7008038,
consign_loc,K-19877,Paris,tgn/7008038,
consign_loc,K-19878,Paris,tgn/7008038,
consign_loc,K-19879,Paris,tgn/7008038,
consign_loc,K-19880,Paris,tgn/7008038,
consign_loc,K-19881,Paris,tgn/7008038,
consign_loc,K-19882,Paris,tgn/7008038,
consign_loc,K-19883,Paris,tgn/7008038,
consign_loc,K-19884,Paris,tgn/7008038,
consign_loc,K-19885,Paris,tgn/7008038,
consign_loc,K-19886,Paris,tgn/7008038,
consign_loc,K-19887,Paris,tgn/7008038,
consign_loc,K-19888,Paris,tgn/7008038,
consign_loc,K-19889,Paris,tgn/7008038,
consign_loc,K-19890,Paris,tgn/7008038,
consign_loc,K-19891,Paris,tgn/7008038,
consign_loc,K-19892,Paris,tgn/7008038,
consign_loc,K-19893,Paris,tgn/7008038,
consign_loc,K-19894,Paris,tgn/7008038,
consign_loc,K-19895,Paris,tgn/7008038,
consign_loc,K-19896,Paris,tgn/7008038,
consign_loc,K-19897,Paris,tgn/7008038,
consign_loc,K-19898,Paris,tgn/7008038,
consign_loc,K-19899,Paris,tgn/7008038,
consign_loc,K-19900,Paris,tgn/7008038,
consign_loc,K-19901,Paris,tgn/7008038,
consign_loc,K-19902,Paris,tgn/7008038,
consign_loc,K-19903,Paris,tgn/7008038,
consign_loc,K-19904,Paris,tgn/7008038,
consign_loc,K-19905,Paris,tgn/7008038,
consign_loc,K-19906,Paris,tgn/7008038,
consign_loc,K-19907,Paris,tgn/7008038,
consign_loc,K-19908,Paris,tgn/7008038,
consign_loc,K-19909,Paris,tgn/7008038,
consign_loc,K-19910,Paris,tgn/7008038,
consign_loc,K-19911,Paris,tgn/7008038,
consign_loc,K-19912,Paris,tgn/7008038,
consign_loc,K-19913,Paris,tgn/7008038,
consign_loc,K-19914,Paris,tgn/7008038,
consign_loc,K-19915,Paris,tgn/7008038,
consign_loc,K-19916,Paris,tgn/7008038,
consign_loc,K-19917,Paris,tgn/7008038,
consign_loc,K-19918,Paris,tgn/7008038,
consign_loc,K-19919,Paris,tgn/7008038,
consign_loc,K-19920,Paris,tgn/7008038,
consign_loc,K-19921,Paris,tgn/7008038,
consign_loc,K-19922,Paris,tgn/7008038,
consign_loc,K-19923,Paris,tgn/7008038,
consign_loc,K-19924,Paris,tgn/7008038,
consign_loc,K-19925,Paris,tgn/7008038,
consign_loc,K-19926,Paris,tgn/7008038,
consign_loc,K-19927,Paris,tgn/7008038,
consign_loc,K-19928,Paris,tgn/7008038,
consign_loc,K-19929,Paris,tgn/7008038,
consign_loc,K-19930,Paris,tgn/7008038,
consign_loc,K-19931,Paris,tgn/7008038,
consign_loc,K-19932,Paris,tgn/7008038,
consign_loc,K-19933,Paris,tgn/7008038,
consign_loc,K-19934,Paris,tgn/7008038,
consign_loc,K-19935,Paris,tgn/7008038,
consign_loc,K-19936,Paris,tgn/7008038,
consign_loc,K-19937,Paris,tgn/7008038,
consign_loc,K-19938,Paris,tgn/7008038,
consign_loc,K-19939,Paris,tgn/7008038,
consign_loc,K-19940,Paris,tgn/7008038,
consign_loc,K-19941,Paris,tgn/7008038,
consign_loc,K-19942,Paris,tgn/7008038,
consign_loc,K-19943,Paris,tgn/7008038,
consign_loc,K-19944,Paris,tgn/7008038,
consign_loc,K-19945,Paris,tgn/7008038,
consign_loc,K-19946,Paris,tgn/7008038,
consign_loc,K-19947,Paris,tgn/7008038,
consign_loc,K-19948,Paris,tgn/7008038,
consign_loc,K-19949,Paris,tgn/7008038,
consign_loc,K-19950,Paris,tgn/7008038,
consign_loc,K-19951,Paris,tgn/7008038,
consign_loc,K-19952,Paris,tgn/7008038,
consign_loc,K-19953,Paris,tgn/7008038,
consign_loc,K-19954,Paris,tgn/7008038,
consign_loc,K-19955,Paris,tgn/7008038,
consign_loc,K-19956,Paris,tgn/7008038,
consign_loc,K-19957,Paris,tgn/7008038,
consign_loc,K-19958,Paris,tgn/7008038,
consign_loc,K-19959,Paris,tgn/7008038,
consign_loc,K-19960,Paris,tgn/7008038,
consign_loc,K-19961,Paris,tgn/7008038,
consign_loc,K-19962,Paris,tgn/7008038,
consign_loc,K-19963,Paris,tgn/7008038,
consign_loc,K-19964,Paris,tgn/7008038,
consign_loc,K-19965,Paris,tgn/7008038,
consign_loc,K-19966,Paris,tgn/7008038,
consign_loc,K-19967,Paris,tgn/7008038,
consign_loc,K-19968,Paris,tgn/7008038,
consign_loc,K-19969,Paris,tgn/7008038,
consign_loc,K-19970,Paris,tgn/7008038,
consign_loc,K-19971,Paris,tgn/7008038,
consign_loc,K-19972,Paris,tgn/7008038,
consign_loc,K-19973,22 Rue La Bruyère Paris,tgn/7008038,
consign_loc,K-19974,22 Rue La Bruyère Paris,tgn/7008038,
consign_loc,K-19975,22 Rue La Bruyère Paris,tgn/7008038,
consign_loc,K-19976,22 Rue La Bruyère Paris,tgn/7008038,
consign_loc,K-19977,22 Rue La Bruyère Paris,tgn/7008038,
consign_loc,K-19978,22 Rue La Bruyère Paris,tgn/7008038,
consign_loc,K-19979,22 Rue La Bruyère Paris,tgn/7008038,
consign_loc,K-19980,22 Rue La Bruyère Paris,tgn/7008038,
consign_loc,K-19981,22 Rue La Bruyère Paris,tgn/7008038,
consign_loc,K-19982,22 Rue La Bruyère Paris,tgn/7008038,
consign_loc,K-19983,22 Rue La Bruyère Paris,tgn/7008038,
consign_loc,K-19984,22 Rue La Bruyère Paris,tgn/7008038,
consign_loc,K-19985,22 Rue La Bruyère Paris,tgn/7008038,
consign_loc,K-19986,Paris,tgn/7008038,
consign_loc,K-19987,Bremen,tgn/7201364,
consign_loc,K-19988,Bremen,tgn/7201364,
consign_loc,K-19989,Paris,tgn/7008038,
consign_loc,K-19990,Paris,tgn/7008038,
consign_loc,K-19991,Paris,tgn/7008038,
consign_loc,K-20006,Paris,tgn/7008038,
consign_loc,K-20007,Paris,tgn/7008038,
consign_loc,K-20008,Paris,tgn/7008038,
consign_loc,K-20009,Paris,tgn/7008038,
consign_loc,K-20010,Paris,tgn/7008038,
consign_loc,K-20011,Paris,tgn/7008038,
consign_loc,K-20012,Paris,tgn/7008038,
consign_loc,K-20013,Dusseldorf,tgn/7004443,
consign_loc,K-20014,Dusseldorf,tgn/7004443,
consign_loc,K-20015,Dusseldorf,tgn/7004443,
consign_loc,K-20016,Dusseldorf,tgn/7004443,
consign_loc,K-20017,Paris,tgn/7008038,
consign_loc,K-20019,Paris,tgn/7008038,
consign_loc,K-20020,Boston,tgn/7013445,
consign_loc,K-23108,Paris,tgn/7008038,
prev_own_loc_1,K-9320,Budapest,tgn/7006280,
prev_own_loc_1,K-9592,Budapest,tgn/7006280,
prev_own_loc_1,K-10633,Wycombe Abbey,tgn/7011900,
prev_own_loc_1,K-10688,Paris,tgn/7008038,
prev_own_loc_1,K-10706,Frankfurt O.M.,tgn/7005293,
prev_own_loc_1,K-11412,Leith,tgn/7009547,
prev_own_loc_1,K-11803,Brussels,tgn/7007868,
prev_own_loc_1,K-11808,Paris,tgn/7008038,
prev_own_loc_1,K-11907,Holker Hall,tgn/7460882,
prev_own_loc_1,K-12865,London,tgn/7011781,
prev_own_loc_1,K-13227,Paris,tgn/7008038,
prev_own_loc_1,K-13707,Paris,tgn/7008038,
prev_own_loc_1,K-13732,Paris,tgn/7008038,
prev_own_loc_1,K-13783,Paris,tgn/7008038,
prev_own_loc_1,K-14027,Edinburgh,tgn/7009546,
prev_own_loc_1,K-14461,Paris,tgn/7008038,
prev_own_loc_1,K-14469,Paris,tgn/7008038,
prev_own_loc_1,K-14656,The Hague,tgn/7006810,
prev_own_loc_1,K-19396,Norwich,tgn/7012005,
prev_own_loc_1,K-19438,Horton Hall Cheshire,tgn/7008114,
prev_own_loc_1,K-20215,Paris,tgn/7008038,
prev_own_loc_1,K-20216,Paris,tgn/7008038,
prev_own_loc_1,K-20217,Paris,tgn/7008038,
prev_own_loc_1,K-20218,Paris,tgn/7008038,
prev_own_loc_1,K-20253,Glasgow,tgn/7017283,
prev_own_loc_1,K-20280,Paris,tgn/7008038,
prev_own_loc_1,K-20281,Paris,tgn/7008038,
prev_own_loc_1,K-20344,Brussels,tgn/7007868,
prev_own_loc_1,K-20935,Philadelphia,tgn/7014406,
prev_own_loc_1,K-21023,"Bylaugh Hall, Norfolk",,tgn/7008160
prev_own_loc_1,K-22429,Enfield,tgn/7014117,
prev_own_loc_1,K-22708,Macon,tgn/7013980,
prev_own_loc_1,K-22773,Waltham,tgn/7014579,
prev_own_loc_1,K-22886,Devonshire,tgn/7012077,
prev_own_loc_1,K-22991,Manchester,tgn/7010477,
prev_own_loc_1,K-23005,Lembourne Berks Eng.,,tgn/7008101
prev_own_loc_1,K-23006,Brussels,tgn/7007868,
prev_own_loc_1,K-23007,Paris,tgn/7008038,
prev_own_loc_1,K-23009,NY,tgn/7007567,
prev_own_loc_1,K-23010,Paris,tgn/7008038,
prev_own_loc_1,K-23012,Paris,tgn/7008038,
prev_own_loc_1,K-23014,Paris,tgn/7008038,
prev_own_loc_1,K-23015,Paris,tgn/7008038,
prev_own_loc_1,K-23026,Brussels,tgn/7007868,
prev_own_loc_1,K-23027,Paris,tgn/7008038,
prev_own_loc_1,K-23028,Edinburgh,tgn/7009546,
prev_own_loc_1,K-23566,London,tgn/7011781,
prev_own_loc_1,K-23567,London,tgn/7011781,
prev_own_loc_1,K-23568,London,tgn/7011781,
prev_own_loc_1,K-23569,London,tgn/7011781,
prev_own_loc_1,K-23570,London,tgn/7011781,
prev_own_loc_1,K-23571,London,tgn/7011781,
prev_own_loc_1,K-23572,London,tgn/7011781,
prev_own_loc_1,K-23573,London,tgn/7011781,
prev_own_loc_1,K-23574,London,tgn/7011781,
prev_own_loc_1,K-23575,London,tgn/7011781,
prev_own_loc_1,K-23576,London,tgn/7011781,
prev_own_loc_1,K-23577,London,tgn/7011781,
prev_own_loc_1,K-23578,London,tgn/7011781,
prev_own_loc_1,K-23579,London,tgn/7011781,
prev_own_loc_1,K-23580,London,tgn/7011781,
prev_own_loc_1,K-23581,London,tgn/7011781,
prev_own_loc_1,K-23582,London,tgn/7011781,
prev_own_loc_1,K-23583,London,tgn/7011781,
prev_own_loc_1,K-23584,London,tgn/7011781,
prev_own_loc_1,K-23585,London,tgn/7011781,
prev_own_loc_1,K-23586,London,tgn/7011781,
prev_own_loc_1,K-23587,London,tgn/7011781,
prev_own_loc_1,K-23588,London,tgn/7011781,
prev_own_loc_1,K-23589,London,tgn/7011781,
prev_own_loc_1,K-23590,London,tgn/7011781,
prev_own_loc_1,K-23591,London,tgn/7011781,
prev_own_loc_1,K-23592,London,tgn/7011781,
prev_own_loc_1,K-25904,Paris,tgn/7008038,
prev_own_loc_1,K-28242,Lausanne,tgn/7007299,
prev_own_loc_1,K-28721,Upper Bavaria,tgn/7003669,
prev_own_loc_3,K-9587,Ross Hall Crookston Paisley,,tgn/7017283
prev_own_loc_3,K-10633,London,tgn/7011781,
prev_own_loc_3,K-11803,Paris,tgn/7008038,
prev_own_loc_3,K-12327,Paris,tgn/7008038,
prev_own_loc_3,K-12732,Epernay,tgn/7008342,
prev_own_loc_3,K-13707,Roubaix,tgn/7009485,
prev_own_loc_3,K-19438,London,tgn/7011781,
prev_own_loc_3,K-20166,Ayr,tgn/7009133,
prev_own_loc_3,K-20167,Ayr,tgn/7009133,
prev_own_loc_3,K-22877,Madrid,tgn/7010413,
prev_own_loc_3,K-23006,Paris,tgn/7008038,
prev_own_loc_3,K-23007,Novar,tgn/7456910,
prev_own_loc_3,K-24828,Argenteuil,tgn/7008019,
prev_own_loc_3,K-28974,Berlin,tgn/7003712,
prev_own_loc_4,K-11910,Vienna,tgn/7003321,
prev_own_loc_4,K-12327,Paris,tgn/7008038,
prev_own_loc_4,K-19438,London,tgn/7011781,
prev_own_loc_4,K-23006,Brussels,tgn/7007868,
prev_own_loc_5,K-12327,NY,tgn/7007567,
prev_own_loc_5,K-23006,Vienna,tgn/7003321,
prev_own_loc_6,K-11910,Paris,tgn/7008038,
present_loc_geog,K-546,"Melbourne, Victoria, Australia",tgn/7001933,
present_loc_geog,K-1377,"Cleveland, OH, USA",tgn/7013608,
present_loc_geog,K-2333,"Boston, MA, USA",tgn/7013445,
present_loc_geog,K-4061,"Norfolk, VA, USA",tgn/7014231,
present_loc_geog,K-4177,"New York, NY, USA",tgn/7007567,
present_loc_geog,K-4360,"Rochester, NY, USA",tgn/7014348,
present_loc_geog,K-4380,"New York, NY, USA",tgn/7007567,
present_loc_geog,K-5206,"London, England, UK",tgn/7011781,
present_loc_geog,K-6750,"New York, NY, USA",tgn/7007567,
present_loc_geog,K-6806,"New York, NY, USA",tgn/7007567,
present_loc_geog,K-6918,"New York, NY, USA",tgn/7007567,
present_loc_geog,K-6970,"New York, NY, USA",tgn/7007567,
present_loc_geog,K-7967,"New York, NY, USA",tgn/7007567,
present_loc_geog,K-8930,"New York, NY, USA",tgn/7007567,
present_loc_geog,K-9007,"New York, NY, USA",tgn/7007567,
present_loc_geog,K-9022,"New York, NY, USA",tgn/7007567,
present_loc_geog,K-9084,"New York, NY, USA",tgn/7007567,
present_loc_geog,K-9294,"New York, NY, USA",tgn/7007567,
present_loc_geog,K-9314,"New York, NY, USA",tgn/7007567,
present_loc_geog,K-9321,"New York, NY, USA",tgn/7007567,
present_loc_geog,K-9329,"London, England, UK",tgn/7011781,
present_loc_geog,K-9330,"Dublin, Ireland",tgn/7001306,
present_loc_geog,K-9499,"New York, NY, USA",tgn/7007567,
present_loc_geog,K-9555,"Kansas City, MO, USA",tgn/7013820,
present_loc_geog,K-9589,"New York, NY, USA",tgn/7007567,
present_loc_geog,K-9591,"New York, NY, USA",tgn/7007567,
present_loc_geog,K-9593,"New York, NY, USA",tgn/7007567,
present_loc_geog,K-9668,"New York, NY, USA",tgn/7007567,
present_loc_geog,K-9669,"New York, NY, USA",tgn/7007567,
present_loc_geog,K-9670,"New York, NY, USA",tgn/7007567,
present_loc_geog,K-9672,"New York, NY, USA",tgn/7007567,
present_loc_geog,K-9673,"New York, NY, USA",tgn/7007567,
present_loc_geog,K-9707,"Boston, MA, USA",tgn/7013445,
present_loc_geog,K-9718,"London, England, UK",tgn/7011781,
present_loc_geog,K-9733,"Milwaukee, WI, USA",tgn/7014071,
present_loc_geog,K-9980,"London, England, UK",tgn/7011781,
present_loc_geog,K-10646,"Dublin, Ireland",tgn/7001306,
present_loc_geog,K-10689,"Rochester, NY, USA",tgn/7014348,
present_loc_geog,K-10733,"Pittsburgh, PA, USA",tgn/7013927,
present_loc_geog,K-10778,"New York, NY, USA",tgn/7007567,
present_loc_geog,K-11145,"New York, NY, USA",tgn/7007567,
present_loc_geog,K-11146,"New York, NY, USA",tgn/7007567,
present_loc_geog,K-11157,"Northampton, MA, USA",tgn/7014242,
present_loc_geog,K-11165,"New York, NY, USA",tgn/7007567,
present_loc_geog,K-11166,"New York, NY, USA",tgn/7007567,
present_loc_geog,K-11243,"San Francisco, CA, USA",tgn/7014456,
present_loc_geog,K-11313,"Washington, DC, USA",tgn/7013962,
present_loc_geog,K-11326,"Cincinnati, OH, USA",tgn/7013604,
present_loc_geog,K-11341,"New York, NY, USA",tgn/7007567,
present_loc_geog,K-11357,"New York, NY, USA",tgn/7007567,
present_loc_geog,K-11375,"New York, NY, USA",tgn/7007567,
present_loc_geog,K-11463,"San Marino, CA, USA",tgn/7014461,
present_loc_geog,K-11558,"New York, NY, USA",tgn/7007567,
present_loc_geog,K-11838,"New York, NY, USA",tgn/7007567,
present_loc_geog,K-11850,"New York, NY, USA",tgn/7007567,
present_loc_geog,K-11852,"New York, NY, USA",tgn/7007567,
present_loc_geog,K-11859,"Cambridge, MA, USA",tgn/7013527,
present_loc_geog,K-11860,"Cambridge, MA, USA",tgn/7013527,
present_loc_geog,K-11907,"New York, NY, USA",tgn/7007567,
present_loc_geog,K-11964,"Cambridge, MA, USA",tgn/7013527,
present_loc_geog,K-11994,"New York, NY, USA",tgn/7007567,
present_loc_geog,K-12192,"New York, NY, USA",tgn/7007567,
present_loc_geog,K-12193,"Washington, DC, USA",tgn/7013962,
present_loc_geog,K-12194,"Washington, DC, USA",tgn/7013962,
present_loc_geog,K-12196,"Washington, DC, USA",tgn/7013962,
present_loc_geog,K-12197,"London, England, UK",tgn/7011781,
present_loc_geog,K-12198,"London, England, UK",tgn/7011781,
present_loc_geog,K-12203,"Worcester, MA, USA",tgn/7014647,
present_loc_geog,K-12273,"Washington, DC, USA",tgn/7013962,
present_loc_geog,K-12274,"New York, NY, USA",tgn/7007567,
present_loc_geog,K-12526,"Washington, DC, USA",tgn/7013962,
present_loc_geog,K-12541,"New York, NY, USA",tgn/7007567,
present_loc_geog,K-12547,"New York, NY, USA",tgn/7007567,
present_loc_geog,K-12603,"New York, NY, USA",tgn/7007567,
present_loc_geog,K-12809,"Detroit, MI, USA",tgn/7013547,
present_loc_geog,K-12864,"New York, NY, USA",tgn/7007567,
present_loc_geog,K-12865,"New York, NY, USA",tgn/7007567,
present_loc_geog,K-12874,"New York, NY, USA",tgn/7007567,
present_loc_geog,K-12967,"Washington, DC, USA",tgn/7013962,
present_loc_geog,K-12971,"New York, NY, USA",tgn/7007567,
present_loc_geog,K-12972,"New York, NY, USA",tgn/7007567,
present_loc_geog,K-12996,"Boston, MA, USA",tgn/7013445,
present_loc_geog,K-13082,"Washington, DC, USA",tgn/7013962,
present_loc_geog,K-13086,"Cincinnati, OH, USA",tgn/7013604,
present_loc_geog,K-13206,"Brooklyn, NY, USA",tgn/7015822,
present_loc_geog,K-13212,"New York, NY, USA",tgn/7007567,
present_loc_geog,K-13233,"Washington, DC, USA",tgn/7013962,
present_loc_geog,K-13236,"Washington, DC, USA",tgn/7013962,
present_loc_geog,K-13513,"Williamstown, MA, USA",tgn/7014630,
present_loc_geog,K-13514,"Williamstown, MA, USA",tgn/7014630,
present_loc_geog,K-13572,"Washington, DC, USA",tgn/7013962,
present_loc_geog,K-13587,"New York, NY, USA",tgn/7007567,
present_loc_geog,K-13603,"New York, NY, USA",tgn/7007567,
present_loc_geog,K-13604,"New York, NY, USA",tgn/7007567,
present_loc_geog,K-13631,"Los Angeles, CA, USA",tgn/7023900,
present_loc_geog,K-13709,"New York, NY, USA",tgn/7007567,
present_loc_geog,K-13813,"New York, NY, USA",tgn/7007567,
present_loc_geog,K-13861,"New York, NY, USA",tgn/7007567,
present_loc_geog,K-13889,"New York, NY, USA",tgn/7007567,
present_loc_geog,K-13890,"New York, NY, USA",tgn/7007567,
present_loc_geog,K-13891,"New York, NY, USA",tgn/7007567,
present_loc_geog,K-13974,"New York, NY, USA",tgn/7007567,
present_loc_geog,K-14027,"New York, NY, USA",tgn/7007567,
present_loc_geog,K-14230,"Washington, DC, USA",tgn/7013962,
present_loc_geog,K-14232,"Washington, DC, USA",tgn/7013962,
present_loc_geog,K-14238,"Williamstown, MA, USA",tgn/7014630,
present_loc_geog,K-14407,"Cincinnati, OH, USA",tgn/7013604,
present_loc_geog,K-14413,"Melbourne, Victoria, Australia",tgn/7001933,
present_loc_geog,K-14459,"Brooklyn, NY, USA",tgn/7015822,
present_loc_geog,K-14500,"Leeds, Yorkshire, England, UK",tgn/7010442,
present_loc_geog,K-14511,"New York, NY, USA",tgn/7007567,
present_loc_geog,K-14544,"New York, NY, USA",tgn/7007567,
present_loc_geog,K-14545,"New York, NY, USA",tgn/7007567,
present_loc_geog,K-14569,"Williamstown, MA, USA",tgn/7014630,
present_loc_geog,K-14572,"Worcester, MA, USA",tgn/7014647,
present_loc_geog,K-14580,"New York, NY, USA",tgn/7007567,
present_loc_geog,K-14623,"Detroit, MI, USA",tgn/7013547,
present_loc_geog,K-14634,"Houston, TX, USA",tgn/7013727,
present_loc_geog,K-14635,"New York, NY, USA",tgn/7007567,
present_loc_geog,K-14636,"Washington, DC, USA",tgn/7013962,
present_loc_geog,K-14703,"New York, NY, USA",tgn/7007567,
present_loc_geog,K-14760,"New York, NY, USA",tgn/7007567,
present_loc_geog,K-14819,"Boston, MA, USA",tgn/7013445,
present_loc_geog,K-14841,"Washington, DC, USA",tgn/7013962,
present_loc_geog,K-14843,"Washington, DC, USA",tgn/7013962,
present_loc_geog,K-16919,"New York, NY, USA",tgn/7007567,
present_loc_geog,K-17091,"New York, NY, USA",tgn/7007567,
present_loc_geog,K-17114,"Cleveland, OH, USA",tgn/7013608,
present_loc_geog,K-17118,"Chicago, IL, USA",tgn/7013596,
present_loc_geog,K-17288,"New Haven, CT, USA",tgn/7014210,
present_loc_geog,K-17289,"Los Angeles, CA, USA",tgn/7023900,
present_loc_geog,K-17306,"London, England, UK",tgn/7011781,
present_loc_geog,K-17343,"Melbourne, Victoria, Australia",tgn/7001933,
present_loc_geog,K-17356,"Williamstown, MA, USA",tgn/7014630,
present_loc_geog,K-17440,"New York, NY, USA",tgn/7007567,
present_loc_geog,K-17527,"Boston, MA, USA",tgn/7013445,
present_loc_geog,K-17535,"New York, NY, USA",tgn/7007567,
present_loc_geog,K-17536,"New York, NY, USA",tgn/7007567,
present_loc_geog,K-17643,"San Marino, CA, USA",tgn/7014461,
present_loc_geog,K-17956,"Providence, RI, USA",tgn/7013952,
present_loc_geog,K-18862,"Williamstown, MA, USA",tgn/7014630,
present_loc_geog,K-18876,"Washington, DC, USA",tgn/7013962,
present_loc_geog,K-18892,"Washington, DC, USA",tgn/7013962,
present_loc_geog,K-19096,"Williamstown, MA, USA",tgn/7014630,
present_loc_geog,K-19098,"New York, NY, USA",tgn/7007567,
present_loc_geog,K-19125,"Washington, DC, USA",tgn/7013962,
present_loc_geog,K-19127,"Washington, DC, USA",tgn/7013962,
present_loc_geog,K-19346,"Williamstown, MA, USA",tgn/7014630,
present_loc_geog,K-19357,"Williamstown, MA, USA",tgn/7014630,
present_loc_geog,K-19439,"New York, NY, USA",tgn/7007567,
present_loc_geog,K-19440,"New York, NY, USA",tgn/7007567,
present_loc_geog,K-19441,"New York, NY, USA",tgn/7007567,
present_loc_geog,K-19442,"New York, NY, USA",tgn/7007567,
present_loc_geog,K-19444,"Boston, MA, USA.  Museum of Fine Arts Boston, 42.302 as Nocturne in Blue and Silver: The Lagoon, Venice",tgn/7013445,
present_loc_geog,K-19445,"New York, NY, USA",tgn/7007567,
present_loc_geog,K-20212,"New York, NY, USA",tgn/7007567,
present_loc_geog,K-20213,"New York, NY, USA",tgn/7007567,
present_loc_geog,K-20214,"New York, NY, USA",tgn/7007567,
present_loc_geog,K-20222,"New York, NY, USA",tgn/7007567,
present_loc_geog,K-20230,"Williamstown, MA, USA",tgn/7014630,
present_loc_geog,K-20238,"New York, NY, USA",tgn/7007567,
present_loc_geog,K-20239,"San Francisco, CA, USA",tgn/7014456,
present_loc_geog,K-20240,"New York, NY, USA",tgn/7007567,
present_loc_geog,K-20243,"New York, NY, USA",tgn/7007567,
present_loc_geog,K-20247,"New York, NY, USA",tgn/7007567,
present_loc_geog,K-20250,"New York, NY, USA",tgn/7007567,
present_loc_geog,K-20277,"New York, NY, USA",tgn/7007567,
present_loc_geog,K-20278,"New York, NY, USA",tgn/7007567,
present_loc_geog,K-20279,"New York, NY, USA",tgn/7007567,
present_loc_geog,K-20331,"San Francisco, CA, USA",tgn/7014456,
present_loc_geog,K-20340,"Indianapolis, IN, USA",tgn/7012924,
present_loc_geog,K-20430,"Chicago, IL, USA",tgn/7013596,
present_loc_geog,K-20438,"Chicago, IL, USA",tgn/7013596,
present_loc_geog,K-20643,"New York, NY, USA",tgn/7007567,
present_loc_geog,K-20891,"Washington, DC, USA",tgn/7013962,
present_loc_geog,K-20900,"San Francisco, CA, USA",tgn/7014456,
present_loc_geog,K-20901,"San Francisco, CA, USA",tgn/7014456,
present_loc_geog,K-20950,"New York, NY, USA",tgn/7007567,
present_loc_geog,K-20962,"Washington, DC, USA",tgn/7013962,
present_loc_geog,K-20971,"New York, NY, USA",tgn/7007567,
present_loc_geog,K-20973,"Minneapolis, MN, USA",tgn/7014080,
present_loc_geog,K-21028,"Chicago, IL, USA",tgn/7013596,
present_loc_geog,K-21094,"Williamstown, MA, USA",tgn/7014630,
present_loc_geog,K-21107,"Welbeck, Worksop, Nottinghamshire, England, UK",tgn/7594970,
present_loc_geog,K-21109,"Williamstown, MA, USA",tgn/7014630,
present_loc_geog,K-21123,"New York, NY, USA",tgn/7007567,
present_loc_geog,K-21143,"New York, NY, USA",tgn/7007567,
present_loc_geog,K-21148,"Chicago, IL, USA",tgn/7013596,
present_loc_geog,K-21251,"New Haven, CT, USA",tgn/7014210,
present_loc_geog,K-21294,"Hartford, CT, USA",tgn/7013695,
present_loc_geog,K-21298,"Cambridge, MA, USA",tgn/7013527,
present_loc_geog,K-21352,"New York, NY, USA",tgn/7007567,
present_loc_geog,K-21354,"Washington, DC, USA",tgn/7013962,
present_loc_geog,K-21430,"Chicago, IL, USA",tgn/7013596,
present_loc_geog,K-21456,"Washington, DC, USA",tgn/7013962,
present_loc_geog,K-21706,"Chicago, IL, USA",tgn/7013596,
present_loc_geog,K-21717,"New York, NY, USA",tgn/7007567,
present_loc_geog,K-21718,"New York, NY, USA",tgn/7007567,
present_loc_geog,K-21755,"Saint Louis, MO, USA",tgn/7014444,
present_loc_geog,K-21814,"New York, NY, USA",tgn/7007567,
present_loc_geog,K-21871,"Indianapolis, IN, USA",tgn/7012924,
present_loc_geog,K-21982,"New York, NY, USA",tgn/7007567,
present_loc_geog,K-21998,"New York, NY, USA",tgn/7007567,
present_loc_geog,K-22077,"Chicago, IL, USA",tgn/7013596,
present_loc_geog,K-22162,"Saint Louis, MO, USA",tgn/7014444,
present_loc_geog,K-22164,"Williamstown, MA, USA",tgn/7014630,
present_loc_geog,K-22218,"Boston, MA, USA",tgn/7013445,
present_loc_geog,K-22252,"Washington, DC, USA",tgn/7013962,
present_loc_geog,K-22254,"Chicago, IL, USA",tgn/7013596,
present_loc_geog,K-22279,"Cambridge, MA, USA",tgn/7013527,
present_loc_geog,K-22281,"New York, NY, USA",tgn/7007567,
present_loc_geog,K-22291,"New York, NY, USA",tgn/7007567,
present_loc_geog,K-22292,"New York, NY, USA",tgn/7007567,
present_loc_geog,K-22310,"Rochester, NY, USA",tgn/7014348,
present_loc_geog,K-22316,"Manchester, Greater Manchester, England, UK",tgn/7010477,
present_loc_geog,K-22370,"Norfolk, VA, USA",tgn/7014231,
present_loc_geog,K-22435,"Chicago, IL, USA",tgn/7013596,
present_loc_geog,K-22470,"Pittsburgh, PA, USA",tgn/7013927,
present_loc_geog,K-22513,"Richmond, VA, USA",tgn/7013964,
present_loc_geog,K-22515,"Winterthur, Switzerland",tgn/7007301,
present_loc_geog,K-22522,"New York, NY, USA",tgn/7007567,
present_loc_geog,K-22551,"Washington, DC, USA",tgn/7013962,
present_loc_geog,K-22596,"Minneapolis, MN, USA",tgn/7014080,
present_loc_geog,K-22653,"Williamstown, MA, USA",tgn/7014630,
present_loc_geog,K-22713,"London, England, UK",tgn/7011781,
present_loc_geog,K-22728,"Williamstown, MA, USA",tgn/7014630,
present_loc_geog,K-22882,"Chicago, IL, USA",tgn/7013596,
present_loc_geog,K-22912,"Melbourne, Victoria, Australia",tgn/7001933,
present_loc_geog,K-22943,"New York, NY, USA",tgn/7007567,
present_loc_geog,K-22959,"New York, NY, USA",tgn/7007567,
present_loc_geog,K-22991,"London, England, UK",tgn/7011781,
present_loc_geog,K-23839,"London, England, UK",tgn/7011781,
present_loc_geog,K-23920,"Melbourne, Victoria, Australia",tgn/7001933,
present_loc_geog,K-23936,"Chicago, IL, USA",tgn/7013596,
present_loc_geog,K-23998,"Washington, DC, USA",tgn/7013962,
present_loc_geog,K-24015,"Chicago, IL, USA",tgn/7013596,
present_loc_geog,K-24037,"Washington, DC, USA",tgn/7013962,
present_loc_geog,K-24082,"Brooklyn, NY, USA",tgn/7015822,
present_loc_geog,K-24099,"New Haven, CT, USA",tgn/7014210,
present_loc_geog,K-24107,"Washington, DC, USA",tgn/7013962,
present_loc_geog,K-24146,"Minneapolis, MN, USA",tgn/7014080,
present_loc_geog,K-24187,"Washington, DC, USA",tgn/7013962,
present_loc_geog,K-24241,"Washington, DC, USA",tgn/7013962,
present_loc_geog,K-24324,"Cincinnati, OH, USA",tgn/7013604,
present_loc_geog,K-24493,"Washington, DC",tgn/7013962,
present_loc_geog,K-24511,"Indianapolis, IN, USA",tgn/7012924,
present_loc_geog,K-24543,"Melbourne, Victoria, Australia",tgn/7001933,
present_loc_geog,K-24574,"Brooklyn, NY, USA",tgn/7015822,
present_loc_geog,K-24632,"San Francisco, CA, USA",tgn/7014456,
present_loc_geog,K-24633,"San Francisco, CA, USA",tgn/7014456,
present_loc_geog,K-24661,"Cambridge, MA, USA",tgn/7013527,
present_loc_geog,K-24688,"Cincinnati, OH, USA",tgn/7013604,
present_loc_geog,K-24722,"Paris, France",tgn/7008038,
present_loc_geog,K-24758,"London, England, UK",tgn/7011781,
present_loc_geog,K-24759,"Cincinnati, OH, USA",tgn/7013604,
present_loc_geog,K-24863,"Washington, DC, USA",tgn/7013962,
present_loc_geog,K-24888,"Boston, MA, USA",tgn/7013445,
present_loc_geog,K-25034,"London, England, UK",tgn/7011781,
present_loc_geog,K-25042,"Columbus, OH, USA",tgn/7013645,
present_loc_geog,K-25046,"Melbourne, Victoria, Australia",tgn/7001933,
present_loc_geog,K-25119,"London, England, UK",tgn/7011781,
present_loc_geog,K-25296,"Brooklyn, NY, USA",tgn/7015822,
present_loc_geog,K-25323,"Indianapolis, IN, USA",tgn/7012924,
present_loc_geog,K-25368,"Washington, DC, USA",tgn/7013962,
present_loc_geog,K-25388,"Cincinnati, OH, USA",tgn/7013604,
present_loc_geog,K-25449,"Melbourne, Victoria, Australia",tgn/7001933,
present_loc_geog,K-25534,"Williamstown, MA, USA",tgn/7014630,
present_loc_geog,K-25579,"Washington, DC, USA",tgn/7013962,
present_loc_geog,K-25726,"Detroit, MI, USA",tgn/7013547,
present_loc_geog,K-25747,"Turin, Italy",tgn/7005688,
present_loc_geog,K-25794,"New York, NY, USA",tgn/7007567,
present_loc_geog,K-25795,"New York, NY, USA",tgn/7007567,
present_loc_geog,K-25796,"New York, NY, USA",tgn/7007567,
present_loc_geog,K-25800,"Washington, DC, USA",tgn/7013962,
present_loc_geog,K-25826,"Washington, DC, USA",tgn/7013962,
present_loc_geog,K-25873,"Pasadena, CA, USA",tgn/7014389,
present_loc_geog,K-25898,"Washington, DC, USA",tgn/7013962,
present_loc_geog,K-25899,"New York, NY, USA",tgn/7007567,
present_loc_geog,K-25900,"Washington, DC, USA",tgn/7013962,
present_loc_geog,K-25901,"Washington, DC, USA",tgn/7013962,
present_loc_geog,K-25933,"Cincinnati, OH, USA",tgn/7013604,
present_loc_geog,K-26039,"London, England, UK",tgn/7011781,
present_loc_geog,K-26081,"Bristol, England, UK",tgn/7011198,
present_loc_geog,K-26166,"Detroit, MI, USA",tgn/7013547,
present_loc_geog,K-26242,"New Haven, CT, USA",tgn/7014210,
present_loc_geog,K-26265,"Saint Louis, MO, USA",tgn/7014444,
present_loc_geog,K-26327,"Oberlin, OH, USA",tgn/7014255,
present_loc_geog,K-26332,"Ottawa, Ontario, Canada",tgn/7013088,
present_loc_geog,K-26348,"Washington, DC, USA",tgn/7013962,
present_loc_geog,K-26375,"Saint Louis, MO, USA",tgn/7014444,
present_loc_geog,K-26423,"New Haven, CT, USA",tgn/7014210,
present_loc_geog,K-26451,"New Haven, CT, USA",tgn/7014210,
present_loc_geog,K-26529,"Raleigh, NC, USA",tgn/7013949,
present_loc_geog,K-26530,"Washington, DC, USA",tgn/7013962,
present_loc_geog,K-26547,"Washington, DC, USA",tgn/7013962,
present_loc_geog,K-26555,"Detroit, MI, USA",tgn/7013547,
present_loc_geog,K-26590,"New York, NY, USA",tgn/7007567,
present_loc_geog,K-26598,"Kansas City, MO, USA",tgn/7013820,
present_loc_geog,K-26599,"Rochester, NY, USA",tgn/7014348,
present_loc_geog,K-26618,"Brooklyn, NY, USA",tgn/7015822,
present_loc_geog,K-56627,"Baltimore, MD, USA",tgn/7013352,
present_loc_geog,K-26645,"Washington, DC, USA",tgn/7013962,
present_loc_geog,K-26714,"Glasgow, Scotland, UK",tgn/7017283,
present_loc_geog,K-26827,"Muskegon, MI, USA",tgn/7016055,
present_loc_geog,K-26871,"Edinburgh, Scotland, UK",tgn/7009546,
present_loc_geog,K-26883,"Worcester, MA, USA",tgn/7014647,
present_loc_geog,K-26892,"Indianapolis, IN, USA",tgn/7012924,
present_loc_geog,K-26963,"Bristol, England, UK",tgn/7011198,
present_loc_geog,K-26996,"Detroit, MI, USA",tgn/7013547,
present_loc_geog,K-27056,"New York, NY, USA",tgn/7007567,
present_loc_geog,K-27057,"San Francisco, CA, USA",tgn/7014456,
present_loc_geog,K-27058,"San Francisco, CA, USA",tgn/7014456,
present_loc_geog,K-27131,"New Haven, CT, USA",tgn/7014210,
present_loc_geog,K-27136,"Minneapolis, MN, USA",tgn/7014080,
present_loc_geog,K-27142,"Ottawa, Ontario, Canada",tgn/7013088,
present_loc_geog,K-27167,"Dublin, Ireland",tgn/7001306,
present_loc_geog,K-27173,"Kansas City, MO, USA",tgn/7013820,
present_loc_geog,K-27181,"Toronto, Ontario, Canada",tgn/7013284,
present_loc_geog,K-27182,"Kansas City, MO, USA",tgn/7013820,
present_loc_geog,K-27293,"Los Angeles, CA, USA",tgn/7023900,
present_loc_geog,K-27296,"Providence, RI, USA",tgn/7013952,
present_loc_geog,K-27299,"Los Angeles, CA, USA",tgn/7023900,
present_loc_geog,K-27454,"Washington, DC, USA",tgn/7013962,
present_loc_geog,K-27478,"Washington, DC, USA",tgn/7013962,
present_loc_geog,K-27523,"Washington, DC, USA",tgn/7013962,
present_loc_geog,K-27557,"New York, NY, USA",tgn/7007567,
present_loc_geog,K-27585,"Saint Louis, MO, USA",tgn/7014444,
present_loc_geog,K-27662,"Columbus, OH, USA",tgn/7013645,
present_loc_geog,K-27674,"Philadelphia, PA, USA",tgn/7014406,
present_loc_geog,K-27730,"Washington, DC, USA",tgn/7013962,
present_loc_geog,K-27786,"Washington, DC, USA",tgn/7013962,
present_loc_geog,K-27822,"Washington, DC, USA",tgn/7013962,
present_loc_geog,K-27836,"Washington, DC, USA",tgn/7013962,
present_loc_geog,K-27880,"Washington, DC, USA",tgn/7013962,
present_loc_geog,K-27881,"Washington, DC, USA",tgn/7013962,
present_loc_geog,K-27960,"Washington, DC, USA",tgn/7013962,
present_loc_geog,K-27988,"Ottawa, Ontario, Canada",tgn/7013088,
present_loc_geog,K-28032,"New York, NY, USA",tgn/7007567,
present_loc_geog,K-28053,"Brooklyn, NY, USA",tgn/7015822,
present_loc_geog,K-28060,"Melbourne, Victoria, Australia",tgn/7001933,
present_loc_geog,K-28076,"Washington, DC, USA",tgn/7013962,
present_loc_geog,K-28088,"London, England, UK",tgn/7011781,
present_loc_geog,K-28117,"Los Angeles, CA, USA",tgn/7023900,
present_loc_geog,K-28126,"Los Angeles, CA, USA",tgn/7023900,
present_loc_geog,K-28149,"Hereford, Herefordshire, England, UK",tgn/7011091,
present_loc_geog,K-28153,"Saint Louis, MO, USA",tgn/7014444,
present_loc_geog,K-28173,"Williamstown, MA, USA",tgn/7014630,
present_loc_geog,K-28200,"Springfield, MA, USA",tgn/7014531,
present_loc_geog,K-28204,"Winterthur, DE, USA",tgn/7007301,
present_loc_geog,K-28249,"Minneapolis, MN, USA",tgn/7014080,
present_loc_geog,K-28261,"Washington, DC, USA",tgn/7013962,
present_loc_geog,K-28273,"Washington, DC, USA",tgn/7013962,
present_loc_geog,K-28351,"Cleveland, OH, USA",tgn/7013608,
present_loc_geog,K-28399,"Melbourne, Victoria, Australia",tgn/7001933,
present_loc_geog,K-28406,"Minneapolis, MN, USA",tgn/7014080,
present_loc_geog,K-28434,"New York, NY, USA",tgn/7007567,
present_loc_geog,K-28443,"Boston, MA, USA",tgn/7013445,
present_loc_geog,K-28498,"Ottawa, Ontario, Canada",tgn/7013088,
present_loc_geog,K-28553,"Chicago, IL, USA",tgn/7013596,
present_loc_geog,K-28554,"Los Angeles, CA, USA",tgn/7023900,
present_loc_geog,K-28556,"Detroit, MI, USA",tgn/7013547,
present_loc_geog,K-28557,"Philadelphia, PA, USA",tgn/7014406,
present_loc_geog,K-28560,"Kansas City, MO, USA",tgn/7013820,
present_loc_geog,K-28577,"Chicago, IL, USA",tgn/7013596,
present_loc_geog,K-28608,"Washington, DC, USA",tgn/7013962,
present_loc_geog,K-28610,"New Haven, CT, USA",tgn/7014210,
present_loc_geog,K-28611,"New Haven, CT, USA",tgn/7014210,
present_loc_geog,K-28645,"Saint Louis, MO, USA",tgn/7014444,
present_loc_geog,K-28687,"Toledo, OH, USA",tgn/7014378,
present_loc_geog,K-28697,"Chicago, IL, USA",tgn/7013596,
present_loc_geog,K-28716,"Saint Louis, MO, USA",tgn/7014444,
present_loc_geog,K-28722,"San Diego, CA, USA",tgn/7014455,
present_loc_geog,K-28731,"Los Angeles, CA, USA",tgn/7023900,
present_loc_geog,K-28759,"Detroit, MI, USA",tgn/7013547,
present_loc_geog,K-28765,"Springfield, MA, USA",tgn/7014531,
present_loc_geog,K-28766,"Washington, DC, USA",tgn/7013962,
present_loc_geog,K-28776,"Brooklyn, NY, USA",tgn/7015822,
present_loc_geog,K-28797,"Cambridge, MA, USA",tgn/7013527,
present_loc_geog,K-28806,"Chicago, IL, USA",tgn/7013596,
present_loc_geog,K-28809,"Washington, DC, USA",tgn/7013962,
present_loc_geog,K-28811,"Providence, RI, USA",tgn/7013952,
present_loc_geog,K-28815,"New York, NY, USA",tgn/7007567,
present_loc_geog,K-28847,"New Haven, CT, USA",tgn/7014210,
present_loc_geog,K-28863,"New York, NY, USA",tgn/7007567,
present_loc_geog,K-28866,"New York, NY, USA",tgn/7007567,
present_loc_geog,K-28873,"Washington, DC, USA",tgn/7013962,
present_loc_geog,K-28909,"Washington, DC, USA",tgn/7013962,
present_loc_geog,K-28930,"New York, NY, USA",tgn/7007567,
present_loc_geog,K-28934,"Washington, DC, USA",tgn/7013962,
present_loc_geog,K-28958,"Baltimore, MD, USA",tgn/7013352,
present_loc_geog,K-28965,"New York, NY, USA",tgn/7007567,
present_loc_geog,K-28977,"New York, NY, USA",tgn/7007567,
present_loc_geog,K-28979,"Oberlin, OH, USA",tgn/7014255,
present_loc_geog,K-28980,"Detroit, MI, USA",tgn/7013547,
present_loc_geog,K-28984,"Saint Louis, MO, USA",tgn/7014444,
present_loc_geog,K-29053,"Annapolis, MD, USA",tgn/7013303,
present_loc_geog,K-29087,"Rochester, NY, USA",tgn/7014348,
present_loc_geog,K-29089,"San Francisco, CA, USA",tgn/7014456,
present_loc_geog,K-29124,"Minneapolis, MN, USA",tgn/7014080,
present_loc_geog,K-29126,"Memphis, TN, USA",tgn/7017750,
present_loc_geog,K-29149,"New York, NY, USA",tgn/7007567,
present_loc_geog,K-29152,"Boston, MA, USA",tgn/7013445,
present_loc_geog,K-29191,"Andover, MA, USA",tgn/7013301,
present_loc_geog,K-29210,"New Britain, CT, USA",tgn/7014198,
present_loc_geog,K-29224,"Oberlin, OH, USA",tgn/7014255,
present_loc_geog,K-29228,"Washington, DC, USA",tgn/7013962,
present_loc_geog,K-29237,"Hartford, CT, USA",tgn/7013695,
present_loc_geog,K-29247,"Brooklyn, NY, USA",tgn/7015822,
present_loc_geog,K-29250,"Cambridge, MA, USA",tgn/7013527,
present_loc_geog,K-29252,"Worcester, MA, USA",tgn/7014647,
present_loc_geog,K-29281,"Cambridge, MA, USA",tgn/7013527,
present_loc_geog,K-29320,"Andover, MA, USA",tgn/7013301,
present_loc_geog,K-29323,"Boston, MA, USA",tgn/7013445,
present_loc_geog,K-29330,"Hartford, CT, USA",tgn/7013695,
present_loc_geog,K-29443,"Brooklyn, NY, USA",tgn/7015822,
present_loc_geog,K-29486,"Minneapolis, MN, USA",tgn/7014080,
present_loc_geog,K-29537,"Minneapolis, MN, USA",tgn/7014080,
present_loc_geog,K-29538,"Minneapolis, MN, USA",tgn/7014080,
present_loc_geog,K-29543,"Tucson, AZ, USA",tgn/7014661,
present_loc_geog,K-29545,"Chicago, IL, USA",tgn/7013596,
present_loc_geog,K-29566,"Springfield, MA, USA",tgn/7014531,
present_loc_geog,K-29575,"New Haven, CT, USA",tgn/7014210,
present_loc_geog,K-29598,"Boston, MA, USA",tgn/7013445,
present_loc_geog,K-29632,"San Diego, CA, USA",tgn/7014455,
present_loc_geog,K-29639,"Boston, MA, USA",tgn/7013445,
present_loc_geog,K-29648,"Columbus, OH, USA",tgn/7013645,
present_loc_geog,K-29658,"New York, NY, USA",tgn/7007567,
present_loc_geog,K-29659,"Cambridge, MA, USA",tgn/7013527,
present_loc_geog,K-29660,"Baltimore, MD, USA",tgn/7013352,
present_loc_geog,K-29703,"Hartford, CT, USA",tgn/7013695,
present_loc_geog,K-29743,"Boston, MA, USA",tgn/7013445,
present_loc_geog,K-29771,"Pasadena, CA, USA",tgn/7014389,
present_loc_geog,K-29777,"Detroit, MI, USA",tgn/7013547,
present_loc_geog,K-29814,"Winterthur, DE, USA",tgn/7007301,
present_loc_geog,K-29847,"Columbus, OH, USA",tgn/7013645,
present_loc_geog,K-29896,"San Diego, CA, USA",tgn/7014455,
present_loc_geog,K-29932,"Tucson, AZ, USA",tgn/7014661,
present_loc_geog,K-29933,"Philadelphia, PA, USA",tgn/7014406,
present_loc_geog,K-29936,"Northampton, MA, USA",tgn/7014242,
present_loc_geog,K-30066,"Minneapolis, MN, USA",tgn/7014080,
present_loc_geog,K-30071,"New York, NY, USA",tgn/7007567,
present_loc_geog,K-30167,"Omaha, NE, USA",tgn/7014285,
present_loc_geog,K-30191,"New Haven, CT, USA",tgn/7014210,
present_loc_geog,K-30195,"Minneapolis, MN, USA",tgn/7014080,
present_loc_geog,K-30245,"Bristol, England, UK",tgn/7011198,
present_loc_geog,K-30283,"Baltimore, MD, USA",tgn/7013352,
present_loc_geog,K-30294,"Birmingham, England, UK",tgn/7010955,
present_loc_geog,K-30353,"Toledo, OH, USA",tgn/7014378,
present_loc_geog,K-30355,"Springfield, MA, USA",tgn/7014531,
present_loc_geog,K-30378,"Raleigh, NC, USA",tgn/7013949,
present_loc_geog,K-30394,"Oberlin, OH, USA",tgn/7014255,
present_loc_geog,K-30395,"Philadelphia, PA, USA",tgn/7014406,
present_loc_geog,K-30396,"Philadelphia, PA, USA",tgn/7014406,
present_loc_geog,K-30407,"Washington, DC, USA",tgn/7013962,
present_loc_geog,K-30434,"New Haven, CT, USA",tgn/7014210,
present_loc_geog,K-30490,"Tulsa, OK, USA",tgn/7014663,
present_loc_geog,K-30520,"Philadelphia, PA, USA",tgn/7014406,
present_loc_geog,K-30537,"Northampton, MA, USA",tgn/7014242,
present_loc_geog,K-30571,"Philadelphia, PA, USA",tgn/7014406,
present_loc_geog,K-30586,"Waterville, ME, USA",tgn/7014594,
present_loc_geog,K-30603,"Cardiff, Wales, UK",tgn/7008742,
present_loc_geog,K-30610,"Chicago, IL, USA",tgn/7013596,
present_loc_geog,K-30620,"Saint Louis, MO, USA",tgn/7014444,
present_loc_geog,K-30623,"Minneapolis, MN, USA",tgn/7014080,
present_loc_geog,K-30695,"Savannah, GA, USA",tgn/7014487,
present_loc_geog,K-30696,"Saint Louis, MO, USA",tgn/7014444,
present_loc_geog,K-30697,"São Paulo, Brazil",tgn/7017121,
present_loc_geog,K-30741,"Springfield, MA, USA",tgn/7014531,
present_loc_geog,K-30749,"Washington, DC, USA",tgn/7013962,
present_loc_geog,K-30751,"Rochester, NY, USA",tgn/7014348,
present_loc_geog,K-30778,"Springfield, MA, USA",tgn/7014531,
present_loc_geog,K-30789,"Hartford, CT, USA",tgn/7013695,
present_loc_geog,K-30790,"Youngstown, OH, USA",tgn/7014656,
present_loc_geog,K-30796,"Memphis, TN, USA",tgn/7017750,
present_loc_geog,K-30797,"Philadelphia, PA, USA",tgn/7014406,
present_loc_geog,K-30800,"Northampton, MA, USA",tgn/7014242,
present_loc_geog,K-30814,"Minneapolis, MN, USA",tgn/7014080,
present_loc_geog,K-30819,"Brooklyn, NY, USA",tgn/7015822,
present_loc_geog,K-30823,"Kansas City, MO, USA",tgn/7013820,
present_loc_geog,K-30907,"Brooklyn, NY, USA",tgn/7015822,
present_loc_geog,K-30910,"Montclair, NJ, USA",tgn/7014093,
present_loc_geog,K-30921,"Memphis, TN, USA",tgn/7017750,
present_loc_geog,K-30924,"Detroit, MI, USA",tgn/7013547,
present_loc_geog,K-30941,"Indianapolis, IN, USA",tgn/7012924,
present_loc_geog,K-30953,"Washington, DC, USA",tgn/7013962,
present_loc_geog,K-30959,"Tulsa, OK, USA",tgn/7014663,
present_loc_geog,K-30977,"New London, CT, USA",tgn/7014213,
present_loc_geog,K-30979,"Raleigh, NC, USA",tgn/7013949,
present_loc_geog,K-31007,"Andover, MA, USA",tgn/7013301,
present_loc_geog,K-31010,"Boston, MA, USA",tgn/7013445,
present_loc_geog,K-31017,"Hartford, CT, USA",tgn/7013695,
present_loc_geog,K-31031,"New London, CT, USA",tgn/7014213,
present_loc_geog,K-31046,"New London, CT, USA",tgn/7014213,
present_loc_geog,K-31076,"Rochester, NY, USA",tgn/7014348,
present_loc_geog,K-31089,"Dallas, TX, USA",tgn/7013503,
present_loc_geog,K-31090,"Dallas, TX, USA",tgn/7013503,
present_loc_geog,K-31128,"New York, NY, USA",tgn/7007567,
present_loc_geog,K-31130,"Brooklyn, NY, USA",tgn/7015822,
present_loc_geog,K-31156,"Chicago, IL, USA",tgn/7013596,
present_loc_geog,K-31157,"Minneapolis, MN, USA",tgn/7014080,
present_loc_geog,K-31208,"Indianapolis, IN, USA",tgn/7012924,
present_loc_geog,K-31250,"Memphis, TN, USA",tgn/7017750,
present_loc_geog,K-31289,"Andover, MA, USA",tgn/7013301,
present_loc_geog,K-31317,"Washington, DC, USA",tgn/7013962,
present_loc_geog,K-31320,"Annapolis, MD, USA",tgn/7013303,
present_loc_geog,K-31325,"Hartford, CT, USA",tgn/7013695,
present_loc_geog,K-31359,"Andover, MA, USA",tgn/7013301,
present_loc_geog,K-31369,"New Haven, CT, USA",tgn/7014210,
present_loc_geog,K-31373,"Detroit, MI, USA",tgn/7013547,
present_loc_geog,K-31405,"Washington, DC, USA",tgn/7013962,
present_loc_geog,K-31420,"Tulsa, OK, USA",tgn/7014663,
present_loc_geog,K-31421,"Tulsa, OK, USA",tgn/7014663,
present_loc_geog,K-31422,"Tulsa, OK, USA",tgn/7014663,
present_loc_geog,K-31430,"Philadelphia, PA, USA",tgn/7014406,
present_loc_geog,K-31434,"Manchester, NH, USA",tgn/7010477,
present_loc_geog,K-31475,"Milwaukee, WI, USA",tgn/7014071,
present_loc_geog,K-31479,"Tulsa, OK, USA",tgn/7014663,
present_loc_geog,K-31485,"Tulsa, OK, USA",tgn/7014663,
present_loc_geog,K-31486,"Tulsa, OK, USA",tgn/7014663,
present_loc_geog,K-31487,"Tulsa, OK, USA",tgn/7014663,
present_loc_geog,K-31491,"Tulsa, OK, USA",tgn/7014663,
present_loc_geog,K-31492,"Tulsa, OK, USA",tgn/7014663,
present_loc_geog,K-31525,"Denver, CO, USA",tgn/7013545,
present_loc_geog,K-31530,"Chicago, IL, USA",tgn/7013596,
present_loc_geog,K-31537,"Vienna, Austria",tgn/7003321,
present_loc_geog,K-31540,"Tulsa, OK, USA",tgn/7014663,
present_loc_geog,K-31541,"Northampton, MA, USA",tgn/7014242,
present_loc_geog,K-31546,"Tulsa, OK, USA",tgn/7014663,
present_loc_geog,K-40335,"Saint Louis, MO, USA",tgn/7014444,
present_loc_geog,K-31554,"Saint Louis, MO, USA",tgn/7014444,
present_loc_geog,K-31586,"Saint Louis, MO, USA",tgn/7014444,
present_loc_geog,K-31596,"Deerfield, MA, USA",tgn/7013521,
present_loc_geog,K-31597,"Deerfield, MA, USA",tgn/7013521,
present_loc_geog,K-31598,"Wichita, KS, USA",tgn/7016216,
present_loc_geog,K-31606,"Hartford, CT, USA",tgn/7013695,
present_loc_geog,K-31613,"Tulsa, OK, USA",tgn/7014663,
present_loc_geog,K-31643,"Tulsa, OK, USA",tgn/7014663,
present_loc_geog,K-31651,"Cody, WY, USA",tgn/7013629,
present_loc_geog,K-31658,"Cody, WY, USA",tgn/7013629,
present_loc_geog,K-31661,"Cody, WY, USA",tgn/7013629,
present_loc_geog,K-31681,"Tulsa, OK, USA",tgn/7014663,
present_loc_geog,K-31722,"New York, NY, USA",tgn/7007567,
present_loc_geog,K-31731,"Washington, DC, USA",tgn/7013962,
present_loc_geog,K-31734,"Tulsa, OK, USA",tgn/7014663,
present_loc_geog,K-31735,"Tulsa, OK, USA",tgn/7014663,
present_loc_geog,K-31754,"Washington, DC, USA",tgn/7013962,
present_loc_geog,K-31758,"Kansas City, MO, USA",tgn/7013820,
present_loc_geog,K-31759,"New London, CT, USA",tgn/7014213,
present_loc_geog,K-31782,"Allentown, PA, USA",tgn/7013273,
present_loc_geog,K-31793,"Tulsa, OK, USA",tgn/7014663,
present_loc_geog,K-31831,"Cody, WY, USA",tgn/7013629,
present_loc_geog,K-31834,"Cody, WY, USA",tgn/7013629,
present_loc_geog,K-31835,"Cody, WY, USA",tgn/7013629,
present_loc_geog,K-31837,"Tulsa, OK, USA",tgn/7014663,
present_loc_geog,K-31843,"Tulsa, OK, USA",tgn/7014663,
present_loc_geog,K-31887,"Tulsa, OK, USA",tgn/7014663,
present_loc_geog,K-31888,"Tulsa, OK, USA",tgn/7014663,
present_loc_geog,K-31903,"Tulsa, OK, USA",tgn/7014663,
present_loc_geog,K-31913,"Tulsa, OK, USA",tgn/7014663,
present_loc_geog,K-31917,"Tulsa, OK, USA",tgn/7014663,
present_loc_geog,K-31918,"Tulsa, OK, USA",tgn/7014663,
present_loc_geog,K-31921,"Tulsa, OK, USA",tgn/7014663,
present_loc_geog,K-31923,"New York, NY, USA",tgn/7007567,
present_loc_geog,K-31925,"Tulsa, OK, USA",tgn/7014663,
present_loc_geog,K-31928,"Tulsa, OK, USA",tgn/7014663,
present_loc_geog,K-31944,"Tulsa, OK, USA",tgn/7014663,
present_loc_geog,K-31945,"Tulsa, OK, USA",tgn/7014663,
present_loc_geog,K-31994,"Stockholm, Sweden",tgn/7009861,
present_loc_geog,K-32007,"Tulsa, OK, USA",tgn/7014663,
present_loc_geog,K-32015,"Tulsa, OK, USA",tgn/7014663,
present_loc_geog,K-32021,"Tulsa, OK, USA",tgn/7014663,
present_loc_geog,K-32039,"Cody, WY, USA",tgn/7013629,
present_loc_geog,K-32041,"Cody, WY, USA",tgn/7013629,
present_loc_geog,K-32047,"Tulsa, OK, USA",tgn/7014663,
present_loc_geog,K-32048,"Tulsa, OK, USA",tgn/7014663,
present_loc_geog,K-32049,"Tulsa, OK, USA",tgn/7014663,
present_loc_geog,K-32050,"Tulsa, OK, USA",tgn/7014663,
present_loc_geog,K-32051,"Tulsa, OK, USA",tgn/7014663,
present_loc_geog,K-32052,"Tulsa, OK, USA",tgn/7014663,
present_loc_geog,K-32053,"Tulsa, OK, USA",tgn/7014663,
present_loc_geog,K-32054,"Tulsa, OK, USA",tgn/7014663,
present_loc_geog,K-32055,"Tulsa, OK, USA",tgn/7014663,
present_loc_geog,K-32056,"Tulsa, OK, USA",tgn/7014663,
present_loc_geog,K-32058,"Denver, CO, USA",tgn/7013545,
present_loc_geog,K-32060,"Tulsa, OK, USA",tgn/7014663,
present_loc_geog,K-32062,"Los Angeles, CA, USA",tgn/7023900,
present_loc_geog,K-32086,"Tulsa, OK, USA",tgn/7014663,
present_loc_geog,K-32090,"Chicago, IL, USA",tgn/7013596,
present_loc_geog,K-32091,"Chicago, IL, USA",tgn/7013596,
present_loc_geog,K-32095,"Dallas, TX, USA",tgn/7013503,
present_loc_geog,K-32099,"Tulsa, OK, USA",tgn/7014663,
present_loc_geog,K-32112,"San Francisco, CA, USA",tgn/7014456,
present_loc_geog,K-32121,"Tulsa, OK, USA",tgn/7014663,
present_loc_geog,K-32165,"Tulsa, OK, USA",tgn/7014663,
present_loc_geog,K-32186,"Toledo, OH, USA",tgn/7014378,
present_loc_geog,K-32188,"Toledo, OH, USA",tgn/7014378,
present_loc_geog,K-32189,"Tulsa, OK, USA",tgn/7014663,
present_loc_geog,K-32203,"Philadelphia, PA, USA",tgn/7014406,
present_loc_geog,K-32212,"Brooklyn, NY, USA",tgn/7015822,
present_loc_geog,K-32221,"Manchester, NH, USA",tgn/7010477,
present_loc_geog,K-32245,"New York, NY, USA",tgn/7007567,
present_loc_geog,K-32246,"Baton Rouge, LA, USA",tgn/7017543,
present_loc_geog,K-32249,"San Francisco, CA, USA",tgn/7014456,
present_loc_geog,K-32250,"Washington, DC, USA",tgn/7013962,
present_loc_geog,K-32267,"Tulsa, OK, USA",tgn/7014663,
present_loc_geog,K-32269,"Princeton, NJ, USA",tgn/7016190,
present_loc_geog,K-32278,"Annapolis, MD, USA",tgn/7013303,
present_loc_geog,K-32284,"Montclair, NJ, USA",tgn/7014093,
present_loc_geog,K-32285,"Montclair, NJ, USA",tgn/7014093,
present_loc_geog,K-32298,"New York, NY, USA",tgn/7007567,
present_loc_geog,K-32320,"Denver, CO, USA",tgn/7013545,
present_loc_geog,K-32325,"Tulsa, OK, USA",tgn/7014663,
present_loc_geog,K-32335,"Water Mill, NY, USA",tgn/2072983,
present_loc_geog,K-32342,"Andover, MA, USA",tgn/7013301,
present_loc_geog,K-32383,"Waterville, ME, USA",tgn/7014594,
present_loc_geog,K-32406,"Philadelphia, PA, USA",tgn/7014406,
present_loc_geog,K-32418,"Denver, CO, USA",tgn/7013545,
present_loc_geog,K-32428,"Chicago, IL, USA",tgn/7013596,
present_loc_geog,K-32442,"Tulsa, OK, USA",tgn/7014663,
present_loc_geog,K-32443,"Tulsa, OK, USA",tgn/7014663,
present_loc_geog,K-32448,"Tulsa, OK, USA",tgn/7014663,
present_loc_geog,K-32449,"Tulsa, OK, USA",tgn/7014663,
present_loc_geog,K-32450,"Tulsa, OK, USA",tgn/7014663,
present_loc_geog,K-32451,"Tulsa, OK, USA",tgn/7014663,
present_loc_geog,K-32452,"Tulsa, OK, USA",tgn/7014663,
present_loc_geog,K-32453,"Tulsa, OK, USA",tgn/7014663,
present_loc_geog,K-32454,"Tulsa, OK, USA",tgn/7014663,
present_loc_geog,K-32455,"Tulsa, OK, USA",tgn/7014663,
present_loc_geog,K-32456,"New York, NY, USA",tgn/7007567,
present_loc_geog,K-32463,"New York, NY, USA",tgn/7007567,
present_loc_geog,K-32484,"Philadelphia, PA, USA",tgn/7014406,
present_loc_geog,K-32509,"São Paulo, Brazil",tgn/7017121,
present_loc_geog,K-32510,"Detroit, MI, USA",tgn/7013547,
present_loc_geog,K-32513,"Philadelphia, PA, USA",tgn/7014406,
present_loc_geog,K-32534,"Washington, DC, USA",tgn/7013962,
present_loc_geog,K-32546,"Raleigh, NC, USA",tgn/7013949,
present_loc_geog,K-32571,"Columbus, OH, USA",tgn/7013645,
present_loc_geog,K-32592,"Tulsa, OK, USA",tgn/7014663,
present_loc_geog,K-32594,"Washington, DC, USA",tgn/7013962,
present_loc_geog,K-32614,"Cody, WY, USA",tgn/7013629,
present_loc_geog,K-32617,"Cody, WY, USA",tgn/7013629,
present_loc_geog,K-32619,"Cody, WY, USA",tgn/7013629,
present_loc_geog,K-32620,"Cody, WY, USA",tgn/7013629,
present_loc_geog,K-32621,"Cody, WY, USA",tgn/7013629,
present_loc_geog,K-32622,"Cody, WY, USA",tgn/7013629,
present_loc_geog,K-32645,"New York, NY, USA",tgn/7007567,
present_loc_geog,K-32652,"Tulsa, OK, USA",tgn/7014663,
present_loc_geog,K-32688,"Buffalo, NY, USA",tgn/7013463,
present_loc_geog,K-32697,"Cleveland, OH, USA",tgn/7013608,
present_loc_geog,K-32707,"Newark, NJ, USA",tgn/7014218,
present_loc_geog,K-32754,"Washington, DC, USA",tgn/7013962,
present_loc_geog,K-32807,"New Orleans, LA, USA",tgn/7014214,
present_loc_geog,K-32808,"New Orleans, LA, USA",tgn/7014214,
present_loc_geog,K-32809,"New Orleans, LA, USA",tgn/7014214,
present_loc_geog,K-32811,"Minneapolis, MN, USA",tgn/7014080,
present_loc_geog,K-32862,"San Antonio, TX, USA",tgn/7014453,
present_loc_geog,K-32900,"Minneapolis, MN, USA",tgn/7014080,
present_loc_geog,K-32902,"Tulsa, OK, USA",tgn/7014663,
present_loc_geog,K-32907,"Andover, MA, USA",tgn/7013301,
present_loc_geog,K-32954,"New York, NY, USA",tgn/7007567,
present_loc_geog,K-32960,"Baltimore, MD, USA",tgn/7013352,
present_loc_geog,K-32977,"Pittsburgh, PA, USA",tgn/7013927,
present_loc_geog,K-32983,"Minneapolis, MN, USA",tgn/7014080,
present_loc_geog,K-33017,"Saint Louis, MO, USA",tgn/7014444,
present_loc_geog,K-33055,"New York, NY, USA",tgn/7007567,
present_loc_geog,K-33066,"Boston, MA, USA",tgn/7013445,
present_loc_geog,K-33076,"Williamsburg, VA, USA",tgn/7014629,
present_loc_geog,K-33108,"Tulsa, OK, USA",tgn/7014663,
present_loc_geog,K-33117,"New York, NY, USA",tgn/7007567,
present_loc_geog,K-33139,"Omaha, NE, USA",tgn/7014285,
present_loc_geog,K-33150,"Tulsa, OK, USA",tgn/7014663,
present_loc_geog,K-33158,"Oberlin, OH, USA",tgn/7014255,
present_loc_geog,K-33182,"Saint Louis, MO, USA",tgn/7014444,
present_loc_geog,K-33188,"Houston, TX, USA",tgn/7013727,
present_loc_geog,K-33196,"Des Moines, IA",tgn/7013546,
present_loc_geog,K-33198,"Philadelphia, PA, USA",tgn/7014406,
present_loc_geog,K-33200,"Kansas City, MO, USA",tgn/7013820,
present_loc_geog,K-33202,"Washington, DC, USA",tgn/7013962,
present_loc_geog,K-33302,"Omaha, NE, USA",tgn/7014285,
present_loc_geog,K-33330,"Richmond, VA, USA",tgn/7013964,
present_loc_geog,K-33331,"Columbia, SC, USA",tgn/7013641,
present_loc_geog,K-33341,"Winterthur, DE, USA",tgn/7007301,
present_loc_geog,K-33350,"Tulsa, OK, USA",tgn/7014663,
present_loc_geog,K-33351,"Tulsa, OK, USA",tgn/7014663,
present_loc_geog,K-33352,"Tulsa, OK, USA",tgn/7014663,
present_loc_geog,K-33366,"San Diego, CA, USA",tgn/7014455,
present_loc_geog,K-33370,"Dallas, TX, USA",tgn/7013503,
present_loc_geog,K-33436,"Springfield, MA, USA",tgn/7014531,
present_loc_geog,K-33441,"Tulsa, OK, USA",tgn/7014663,
present_loc_geog,K-33447,"Baltimore, MD, USA",tgn/7013352,
present_loc_geog,K-33448,"Toulouse, France",tgn/7008441,
present_loc_geog,K-33486,"Saint Louis, MO, USA",tgn/7014444,
present_loc_geog,K-33489,"Tulsa, OK, USA",tgn/7014663,
present_loc_geog,K-33494,"Tucson, AZ, USA",tgn/7014661,
present_loc_geog,K-33495,"Tucson, AZ, USA",tgn/7014661,
present_loc_geog,K-33496,"Tucson, AZ, USA",tgn/7014661,
present_loc_geog,K-33497,"Tucson, AZ, USA",tgn/7014661,
present_loc_geog,K-33498,"Tucson, AZ, USA",tgn/7014661,
present_loc_geog,K-33499,"Tucson, AZ, USA",tgn/7014661,
present_loc_geog,K-33500,"Tucson, AZ, USA",tgn/7014661,
present_loc_geog,K-33501,"Tucson, AZ, USA",tgn/7014661,
present_loc_geog,K-33502,"Tucson, AZ, USA",tgn/7014661,
present_loc_geog,K-33503,"Tucson, AZ, USA",tgn/7014661,
present_loc_geog,K-33504,"Tucson, AZ, USA",tgn/7014661,
present_loc_geog,K-33505,"Tucson, AZ, USA",tgn/7014661,
present_loc_geog,K-33506,"Tucson, AZ, USA",tgn/7014661,
present_loc_geog,K-33507,"Tucson, AZ, USA",tgn/7014661,
present_loc_geog,K-33508,"Tucson, AZ, USA",tgn/7014661,
present_loc_geog,K-33509,"Tucson, AZ, USA",tgn/7014661,
present_loc_geog,K-33510,"Tucson, AZ, USA",tgn/7014661,
present_loc_geog,K-33511,"Tucson, AZ, USA",tgn/7014661,
present_loc_geog,K-33512,"Tucson, AZ, USA",tgn/7014661,
present_loc_geog,K-33513,"Tucson, AZ, USA",tgn/7014661,
present_loc_geog,K-33514,"Tucson, AZ, USA",tgn/7014661,
present_loc_geog,K-33515,"Tucson, AZ, USA",tgn/7014661,
present_loc_geog,K-33516,"Tucson, AZ, USA",tgn/7014661,
present_loc_geog,K-33517,"Tucson, AZ, USA",tgn/7014661,
present_loc_geog,K-33518,"Tucson, AZ, USA",tgn/7014661,
present_loc_geog,K-33519,"Tucson, AZ, USA",tgn/7014661,
present_loc_geog,K-33521,"Cleveland, OH, USA",tgn/7013608,
present_loc_geog,K-33550,"Savannah, GA, USA",tgn/7014487,
present_loc_geog,K-33566,"Rochester, NY, USA",tgn/7014348,
present_loc_geog,K-33576,"Raleigh, NC, USA",tgn/7013949,
present_loc_geog,K-33619,"Allentown, PA, USA",tgn/7013273,
present_loc_geog,K-33620,"Allentown, PA, USA",tgn/7013273,
present_loc_geog,K-33637,"Tulsa, OK, USA",tgn/7014663,
present_loc_geog,K-33641,"Boston, MA, USA",tgn/7013445,
present_loc_geog,K-33645,"Water Mill, NY, USA",tgn/2072983,
present_loc_geog,K-33709,"San Francisco, CA, USA",tgn/7014456,
present_loc_geog,K-33717,"Montclair, NJ, USA",tgn/7014093,
present_loc_geog,K-33725,"Omaha, NE, USA",tgn/7014285,
present_loc_geog,K-33729,"Melbourne, Victoria, Australia",tgn/7001933,
present_loc_geog,K-33784,"New York, NY, USA",tgn/7007567,
present_loc_geog,K-33845,"Tulsa, OK, USA",tgn/7014663,
present_loc_geog,K-33877,"Zurich, Switzerland",tgn/7007302,
present_loc_geog,K-33905,"Raleigh, NC, USA",tgn/7013949,
present_loc_geog,K-33940,"Minneapolis, MN, USA",tgn/7014080,
present_loc_geog,K-33961,"Bristol, England, UK",tgn/7011198,
present_loc_geog,K-34011,"Springfield, MA, USA",tgn/7014531,
present_loc_geog,K-34086,"Springfield, MA, USA",tgn/7014531,
present_loc_geog,K-34123,"Toulouse, France",tgn/7008441,
present_loc_geog,K-34137,"New York, NY, USA",tgn/7007567,
present_loc_geog,K-34165,"Kansas City, MO, USA",tgn/7013820,
present_loc_geog,K-34166,"Saint Louis, MO, USA",tgn/7014444,
present_loc_geog,K-34206,"Baltimore, MD, USA",tgn/7013352,
present_loc_geog,K-34207,"Tulsa, OK, USA",tgn/7014663,
present_loc_geog,K-34208,"Minneapolis, MN, USA",tgn/7014080,
present_loc_geog,K-34223,"Tulsa, OK, USA",tgn/7014663,
present_loc_geog,K-34240,"Columbia, SC, USA",tgn/7013641,
present_loc_geog,K-34278,"San Marino, CA, USA",tgn/7014461,
present_loc_geog,K-34280,"Pasadena, CA, USA",tgn/7014389,
present_loc_geog,K-34294,"Boston, MA, USA",tgn/7013445,
present_loc_geog,K-34304,"San Francisco, CA, USA",tgn/7014456,
present_loc_geog,K-34325,"Seattle, WA, USA",tgn/7014494,
present_loc_geog,K-34390,"København, Danmark",tgn/7003474,
present_loc_geog,K-34416,"Washington, DC, USA",tgn/7013962,
present_loc_geog,K-34417,"Williamsburg, VA, USA",tgn/7014629,
present_loc_geog,K-34423,"Tulsa, OK, USA",tgn/7014663,
present_loc_geog,K-34434,"Cody, WY, USA",tgn/7013629,
present_loc_geog,K-34435,"Cody, WY, USA",tgn/7013629,
present_loc_geog,K-34486,"Tulsa, OK, USA",tgn/7014663,
present_loc_geog,K-34491,"Tulsa, OK, USA",tgn/7014663,
present_loc_geog,K-34509,"Claremont, CA, USA",tgn/7013605,
present_loc_geog,K-34516,"Tulsa, OK, USA",tgn/7014663,
present_loc_geog,K-34536,"Saint Louis, MO, USA",tgn/7014444,
present_loc_geog,K-34541,"Tulsa, OK, USA",tgn/7014663,
present_loc_geog,K-34553,"Seattle, WA, USA",tgn/7014494,
present_loc_geog,K-34556,"Memphis, TN, USA",tgn/7017750,
present_loc_geog,K-34557,"Raleigh, NC, USA",tgn/7013949,
present_loc_geog,K-34560,"Richmond, VA, USA",tgn/7013964,
present_loc_geog,K-34571,"Northampton, MA, USA",tgn/7014242,
present_loc_geog,K-34572,"Toledo, OH, USA",tgn/7014378,
present_loc_geog,K-34576,"Seattle, WA, USA",tgn/7014494,
present_loc_geog,K-34590,"Pasadena, CA, USA",tgn/7014389,
present_loc_geog,K-34591,"Pasadena, CA, USA",tgn/7014389,
present_loc_geog,K-34605,"Newark, NJ, USA",tgn/7014218,
present_loc_geog,K-34617,"Glens Falls, NY, USA",tgn/7014064,
present_loc_geog,K-34636,"Zurich, Switzerland",tgn/7007302,
present_loc_geog,K-34639,"Tulsa, OK, USA",tgn/7014663,
present_loc_geog,K-34654,"Ponce, Puerto Rico, USA",tgn/7005857,
present_loc_geog,K-34655,"Washington, DC, USA",tgn/7013962,
present_loc_geog,K-34667,"Tulsa, OK, USA",tgn/7014663,
present_loc_geog,K-34681,"Fort Worth, TX, USA",tgn/7013934,
present_loc_geog,K-34698,"Cody, WY, USA",tgn/7013629,
present_loc_geog,K-34723,"New York, NY, USA",tgn/7007567,
present_loc_geog,K-34765,"Washington, DC, USA",tgn/7013962,
present_loc_geog,K-34768,"Fort Worth, TX, USA",tgn/7013934,
present_loc_geog,K-34769,"Washington, DC, USA",tgn/7013962,
present_loc_geog,K-34773,"Williamsburg, VA, USA",tgn/7014629,
present_loc_geog,K-34777,"Cody, WY, USA",tgn/7013629,
present_loc_geog,K-34781,"Richmond, VA, USA",tgn/7013964,
present_loc_geog,K-34784,"Manchester, NH, USA",tgn/7010477,
present_loc_geog,K-34804,"Washington, DC, USA",tgn/7013962,
present_loc_geog,K-34805,"Washington, DC, USA",tgn/7013962,
present_loc_geog,K-34831,"Cody, WY, USA",tgn/7013629,
present_loc_geog,K-34834,"Cody, WY, USA",tgn/7013629,
present_loc_geog,K-34835,"Cody, WY, USA",tgn/7013629,
present_loc_geog,K-34841,"Tulsa, OK, USA",tgn/7014663,
present_loc_geog,K-34869,"Tulsa, OK, USA",tgn/7014663,
present_loc_geog,K-34870,"Tulsa, OK, USA",tgn/7014663,
present_loc_geog,K-34887,"Tulsa, OK, USA",tgn/7014663,
present_loc_geog,K-34892,"Chicago, IL, USA",tgn/7013596,
present_loc_geog,K-34893,"Springfield, MA, USA",tgn/7014531,
present_loc_geog,K-34921,"Tulsa, OK, USA",tgn/7014663,
present_loc_geog,K-34935,"Tulsa, OK, USA",tgn/7014663,
present_loc_geog,K-34937,"Tulsa, OK, USA",tgn/7014663,
present_loc_geog,K-34941,"Cody, WY, USA",tgn/7013629,
present_loc_geog,K-34943,"Cody, WY, USA",tgn/7013629,
present_loc_geog,K-34949,"Tulsa, OK, USA",tgn/7014663,
present_loc_geog,K-34950,"Tulsa, OK, USA",tgn/7014663,
present_loc_geog,K-34951,"Tulsa, OK, USA",tgn/7014663,
present_loc_geog,K-34952,"Tulsa, OK, USA",tgn/7014663,
present_loc_geog,K-34953,"Tulsa, OK, USA",tgn/7014663,
present_loc_geog,K-34954,"Tulsa, OK, USA",tgn/7014663,
present_loc_geog,K-34955,"Tulsa, OK, USA",tgn/7014663,
present_loc_geog,K-34956,"Tulsa, OK, USA",tgn/7014663,
present_loc_geog,K-34957,"Tulsa, OK, USA",tgn/7014663,
present_loc_geog,K-34958,"Tulsa, OK, USA",tgn/7014663,
present_loc_geog,K-34960,"Denver, CO, USA",tgn/7013545,
present_loc_geog,K-34962,"Tulsa, OK, USA",tgn/7014663,
present_loc_geog,K-34969,"Richmond, VA, USA",tgn/7013964,
present_loc_geog,K-34980,"Tulsa, OK, USA",tgn/7014663,
present_loc_geog,K-34984,"Tulsa, OK, USA",tgn/7014663,
present_loc_geog,K-34985,"Tulsa, OK, USA",tgn/7014663,
present_loc_geog,K-34991,"Newark, NJ, USA",tgn/7014218,
present_loc_geog,K-35007,"Saint Louis, MO, USA",tgn/7014444,
present_loc_geog,K-35008,"Jacksonville, FL, USA",tgn/7013804,
present_loc_geog,K-35012,"Tulsa, OK, USA",tgn/7014663,
present_loc_geog,K-35013,"Washington, DC, USA",tgn/7013962,
present_loc_geog,K-35014,"Tulsa, OK, USA",tgn/7014663,
present_loc_geog,K-35015,"Tulsa, OK, USA",tgn/7014663,
present_loc_geog,K-35023,"Tulsa, OK, USA",tgn/7014663,
present_loc_geog,K-35026,"Tulsa, OK, USA",tgn/7014663,
present_loc_geog,K-35043,"Baton Rouge, LA, USA",tgn/7017543,
present_loc_geog,K-26044,"San Francisco, CA, USA",tgn/7014456,
present_loc_geog,K-35045,"Washington, DC, USA",tgn/7013962,
present_loc_geog,K-35059,"Montclair, NJ, USA",tgn/7014093,
present_loc_geog,K-35060,"Montclair, NJ, USA",tgn/7014093,
present_loc_geog,K-35113,"Cincinnati, OH, USA",tgn/7013604,
present_loc_geog,K-35126,"Cody, WY, USA",tgn/7013629,
present_loc_geog,K-35150,"Tulsa, OK, USA",tgn/7014663,
present_loc_geog,K-35151,"Washington, DC, USA",tgn/7013962,
present_loc_geog,K-35156,"Tulsa, OK, USA",tgn/7014663,
present_loc_geog,K-35157,"Tulsa, OK, USA",tgn/7014663,
present_loc_geog,K-35223,"Tulsa, OK, USA",tgn/7014663,
present_loc_geog,K-35224,"Tulsa, OK, USA",tgn/7014663,
present_loc_geog,K-35225,"Tulsa, OK, USA",tgn/7014663,
present_loc_geog,K-35231,"Washington, DC, USA",tgn/7013962,
present_loc_geog,K-35232,"New London, CT, USA",tgn/7014213,
present_loc_geog,K-35238,"Toulouse, France",tgn/7008441,
present_loc_geog,K-35242,"Tulsa, OK, USA",tgn/7014663,
present_loc_geog,K-35248,"Allentown, PA, USA",tgn/7013273,
present_loc_geog,K-35256,"Tulsa, OK, USA",tgn/7014663,
present_loc_geog,K-35279,"Cody, WY, USA",tgn/7013629,
present_loc_geog,K-35282,"Cody, WY, USA",tgn/7013629,
present_loc_geog,K-35284,"Cody, WY, USA",tgn/7013629,
present_loc_geog,K-35285,"Cody, WY, USA",tgn/7013629,
present_loc_geog,K-35286,"Cody, WY, USA",tgn/7013629,
present_loc_geog,K-35287,"Cody, WY, USA",tgn/7013629,
present_loc_geog,K-35300,"Springfield, MA, USA",tgn/7014531,
present_loc_geog,K-35304,"New York, NY, USA",tgn/7007567,
present_loc_geog,K-35306,"Tulsa, OK, USA",tgn/7014663,
present_loc_geog,K-35307,"Tulsa, OK, USA",tgn/7014663,
present_loc_geog,K-35309,"Notre Dame, IN, USA",tgn/7014247,
present_loc_geog,K-35310,"Tulsa, OK, USA",tgn/7014663,
present_loc_geog,K-35331,"Houston, TX, USA",tgn/7013727,
present_loc_geog,K-35339,"Omaha, NE, USA",tgn/7014285,
present_loc_geog,K-35343,"Buffalo, NY, USA",tgn/7013463,
present_loc_geog,K-35352,"Cleveland, OH, USA",tgn/7013608,
present_loc_geog,K-35357,"Chicago, IL, USA",tgn/7013596,
present_loc_geog,K-35359,"Newark, NJ, USA",tgn/7014218,
present_loc_geog,K-35364,"Houston, TX, USA",tgn/7013727,
present_loc_geog,K-35370,"Toledo, OH, USA",tgn/7014378,
present_loc_geog,K-35402,"Washington, DC, USA",tgn/7013962,
present_loc_geog,K-35421,"Tulsa, OK, USA",tgn/7014663,
present_loc_geog,K-35446,"Springfield, MA, USA",tgn/7014531,
present_loc_geog,K-35453,"Saint Louis, MO, USA",tgn/7014444,
present_loc_geog,K-35455,"Washington, DC, USA",tgn/7013962,
present_loc_geog,K-35458,"Omaha, NE, USA",tgn/7014285,
present_loc_geog,K-35462,"Saint Louis, MO, USA",tgn/7014444,
present_loc_geog,K-35470,"Ithaca, NY, USA",tgn/7013803,
present_loc_geog,K-35527,"San Antonio, TX, USA",tgn/7014453,
present_loc_geog,K-35533,"Chicago, IL, USA",tgn/7013596,
present_loc_geog,K-35540,"Williamsburg, VA, USA",tgn/7014629,
present_loc_geog,K-35541,"Williamsburg, VA, USA",tgn/7014629,
present_loc_geog,K-35556,"Water Mill, NY, USA",tgn/2072983,
present_loc_geog,K-35566,"Pasadena, CA, USA",tgn/7014389,
present_loc_geog,K-35710,"Tulsa, OK, USA",tgn/7014663,
present_loc_geog,K-35759,"Tulsa, OK, USA",tgn/7014663,
present_loc_geog,K-35848,"Indianapolis, IN, USA",tgn/7012924,
present_loc_geog,K-35850,"New York, NY, USA",tgn/7007567,
present_loc_geog,K-35872,"Boston, MA, USA",tgn/7013445,
present_loc_geog,K-35903,"Chicago, IL, USA",tgn/7013596,
present_loc_geog,K-35904,"Pasadena, CA, USA",tgn/7014389,
present_loc_geog,K-35923,"Newport, RI, USA",tgn/7014221,
present_loc_geog,K-35929,"Cleveland, OH, USA",tgn/7013608,
present_loc_geog,K-35931,"Los Angeles, CA, USA",tgn/7023900,
present_loc_geog,K-35943,"Dallas, TX, USA",tgn/7013503,
present_loc_geog,K-35944,"Minneapolis, MN, USA",tgn/7014080,
present_loc_geog,K-35949,"Washington, DC, USA",tgn/7013962,
present_loc_geog,K-35963,"Boston, MA, USA",tgn/7013445,
present_loc_geog,K-35964,"Saint-Tropez, France",tgn/7009658,
present_loc_geog,K-35966,"Cleveland, OH, USA",tgn/7013608,
present_loc_geog,K-35993,"Washington, DC, USA",tgn/7013962,
present_loc_geog,K-35994,"Dallas, TX, USA",tgn/7013503,
present_loc_geog,K-36005,"Raleigh, NC, USA",tgn/7013949,
present_loc_geog,K-36027,"New York, NY, USA",tgn/7007567,
present_loc_geog,K-36029,"Columbus, OH, USA",tgn/7013645,
present_loc_geog,K-36045,"Tulsa, OK, USA",tgn/7014663,
present_loc_geog,K-36047,"Washington, DC, USA",tgn/7013962,
present_loc_geog,K-36049,"Tulsa, OK, USA",tgn/7014663,
present_loc_geog,K-36064,"Tulsa, OK, USA",tgn/7014663,
present_loc_geog,K-36069,"Tulsa, OK, USA",tgn/7014663,
present_loc_geog,K-36070,"Tulsa, OK, USA",tgn/7014663,
present_loc_geog,K-36071,"Tulsa, OK, USA",tgn/7014663,
present_loc_geog,K-36072,"Tulsa, OK, USA",tgn/7014663,
present_loc_geog,K-36073,"Tulsa, OK, USA",tgn/7014663,
present_loc_geog,K-36075,"Tulsa, OK, USA",tgn/7014663,
present_loc_geog,K-36076,"Tulsa, OK, USA",tgn/7014663,
present_loc_geog,K-36077,"Tulsa, OK, USA",tgn/7014663,
present_loc_geog,K-36078,"Tulsa, OK, USA",tgn/7014663,
present_loc_geog,K-36079,"Tulsa, OK, USA",tgn/7014663,
present_loc_geog,K-36080,"Tulsa, OK, USA",tgn/7014663,
present_loc_geog,K-36081,"Tulsa, OK, USA",tgn/7014663,
present_loc_geog,K-36088,"Detroit, MI, USA",tgn/7013547,
present_loc_geog,K-36089,"Fitchburg, MA, USA",tgn/7013763,
present_loc_geog,K-36108,"Zurich, Switzerland",tgn/7007302,
present_loc_geog,K-36131,"Toledo, OH, USA",tgn/7014378,
present_loc_geog,K-36133,"Springfield, MA, USA",tgn/7014531,
present_loc_geog,K-36134,"Zurich, Switzerland",tgn/7007302,
present_loc_geog,K-36137,"Brooklyn, NY, USA",tgn/7015822,
present_loc_geog,K-36139,"Tulsa, OK, USA",tgn/7014663,
present_loc_geog,K-40331,"Cody, WY, USA",tgn/7013629,
present_loc_geog,K-36157,"Washington, DC, USA",tgn/7013962,
present_loc_geog,K-36178,"Helsinki, Finland",tgn/7009880,
present_loc_geog,K-36223,"Amsterdam, Netherlands",tgn/7006952,
present_loc_geog,K-36285,"Northampton, MA, USA",tgn/7014242,
present_loc_geog,K-36286,"Cody, WY, USA",tgn/7013629,
present_loc_geog,K-36293,"Brooklyn, NY, USA",tgn/7015822,
present_loc_geog,K-36307,"Buffalo, NY, USA",tgn/7013463,
present_loc_geog,K-36316,"Minneapolis, MN, USA",tgn/7014080,
present_loc_geog,K-36320,"Pittsburgh, PA, USA",tgn/7013927,
present_loc_geog,K-36332,"Minneapolis, MN, USA",tgn/7014080,
present_loc_geog,K-36346,"Honolulu, HI, USA",tgn/7013718,
present_loc_geog,K-36359,"Pittsburgh, PA, USA",tgn/7013927,
present_loc_geog,K-36372,"Palm Springs, CA, USA",tgn/7014383,
present_loc_geog,K-36427,"Charleston, SC, USA",tgn/7013582,
present_loc_geog,K-36635,"Norfolk, VA, USA",tgn/7014231,
present_loc_geog,K-36658,"Norfolk, VA, USA",tgn/7014231,
present_loc_geog,K-36661,"Cleveland, OH, USA",tgn/7013608,
present_loc_geog,K-36684,"Rochester, NY, USA",tgn/7014348,
present_loc_geog,K-36708,"Brooklyn, NY, USA",tgn/7015822,
present_loc_geog,K-36713,"Cody, WY, USA",tgn/7013629,
present_loc_geog,K-36714,"Cody, WY, USA",tgn/7013629,
present_loc_geog,K-36722,"Pasadena, CA, USA",tgn/7014389,
present_loc_geog,K-36727,"New York, NY, USA",tgn/7007567,
present_loc_geog,K-36732,"Richmond, VA, USA",tgn/7013964,
present_loc_geog,K-36758,"Raleigh, NC, USA",tgn/7013949,
present_loc_geog,K-36781,"Wichita, KS, USA",tgn/7016216,
present_loc_geog,K-36798,"Washington, DC, USA",tgn/7013962,
present_loc_geog,K-36824,"Pasadena, CA, USA",tgn/7014389,
present_loc_geog,K-36836,"Tulsa, OK, USA",tgn/7014663,
present_loc_geog,K-36844,"Honolulu, HI, USA",tgn/7013718,
present_loc_geog,K-36846,"Williamsburg, VA, USA",tgn/7014629,
present_loc_geog,K-36847,"Williamsburg, VA, USA",tgn/7014629,
present_loc_geog,K-36848,"Williamsburg, VA, USA",tgn/7014629,
present_loc_geog,K-36852,"Zurich, Switzerland",tgn/7007302,
present_loc_geog,K-36878,"Zurich, Switzerland",tgn/7007302,
present_loc_geog,K-36881,"Tulsa, OK, USA",tgn/7014663,
present_loc_geog,K-36949,"Zurich, Switzerland",tgn/7007302,
present_loc_geog,K-36953,"San Antonio, TX, USA",tgn/7014453,
present_loc_geog,K-36957,"New Orleans, LA, USA",tgn/7014214,
present_loc_geog,K-36980,"Toulouse, France",tgn/7008441,
present_loc_geog,K-36986,"Springfield, MA, USA",tgn/7014531,
present_loc_geog,K-36994,"New Haven, CT, USA",tgn/7014210,
present_loc_geog,K-36997,"Wilmington, DE, USA",tgn/7014632,
present_loc_geog,K-36998,"Boston, MA, USA",tgn/7013445,
present_loc_geog,K-37003,"Toledo, OH, USA",tgn/7014378,
present_loc_geog,K-37014,"Williamsburg, VA, USA",tgn/7014629,
present_loc_geog,K-37015,"Williamsburg, VA, USA",tgn/7014629,
present_loc_geog,K-37018,"Tulsa, OK, USA",tgn/7014663,
present_loc_geog,K-37030,"Los Angeles, CA, USA",tgn/7023900,
present_loc_geog,K-37075,"Washington, DC, USA",tgn/7013962,
present_loc_geog,K-37086,"New Orleans, LA, USA",tgn/7014214,
present_loc_geog,K-37087,"New Orleans, LA, USA",tgn/7014214,
present_loc_geog,K-37110,"New York, NY, USA",tgn/7007567,
present_loc_geog,K-37122,"Kansas City, MO, USA",tgn/7013820,
present_loc_geog,K-37125,"Cleveland, OH, USA",tgn/7013608,
present_loc_geog,K-37144,"Jacksonville, FL, USA",tgn/7013804,
present_loc_geog,K-37163,"Riggisberg, Switzerland",tgn/7007275,
present_loc_geog,K-37179,"Philadelphia, PA, USA",tgn/7014406,
present_loc_geog,K-37187,"Washington, DC, USA",tgn/7013962,
present_loc_geog,K-37204,"Detroit, MI, USA",tgn/7013547,
present_loc_geog,K-37239,"Boston, MA, USA",tgn/7013445,
present_loc_geog,K-37262,"Milwaukee, WI, USA",tgn/7014071,
present_loc_geog,K-37268,"Baltimore, MD, USA",tgn/7013352,
present_loc_geog,K-37295,"Tuscon, AZ, USA",tgn/7014661,
present_loc_geog,K-37297,"Pasadena, CA, USA",tgn/7014389,
present_loc_geog,K-37306,"Milwaukee, WI, USA",tgn/7014071,
present_loc_geog,K-37318,"Mount Vernon, IL, USA",tgn/7014166,
present_loc_geog,K-37355,"Minneapolis, MN, USA",tgn/7014080,
present_loc_geog,K-37403,"Los Angeles, CA, USA",tgn/7023900,
present_loc_geog,K-37421,"Washington, DC, USA",tgn/7013962,
present_loc_geog,K-37438,"Huntington, WV, USA",tgn/7013731,
present_loc_geog,K-37459,"Fort Worth, TX, USA",tgn/7013934,
present_loc_geog,K-37495,"Houston, TX, USA",tgn/7013727,
present_loc_geog,K-37499,"Brooklyn, NY, USA",tgn/7015822,
present_loc_geog,K-37509,"Madrid, Spain",tgn/7010413,
present_loc_geog,K-37532,"New York, NY, USA",tgn/7007567,
present_loc_geog,K-37537,"Austin, TX, USA",tgn/7013346,
present_loc_geog,K-37538,"Hartford, CT, USA",tgn/7013695,
present_loc_geog,K-37545,"Denver, CO, USA",tgn/7013545,
present_loc_geog,K-37589,"Pittsburgh, PA, USA",tgn/7013927,
present_loc_geog,K-37611,"Fort Worth, TX, USA",tgn/7013934,
present_loc_geog,K-37709,"Stockholm, Sweden",tgn/7009861,
present_loc_geog,K-37716,"Seattle, WA, USA",tgn/7014494,
present_loc_geog,K-37760,"Louisville, KY, USA",tgn/7013915,
present_loc_geog,K-37765,"Newark, NJ, USA",tgn/7014218,
present_loc_geog,K-37766,"Newark, NJ, USA",tgn/7014218,
present_loc_geog,K-37804,"Santa Barbara, CA, USA",tgn/7017752,
present_loc_geog,K-37849,"New York, NY, USA",tgn/7007567,
present_loc_geog,K-37857,"Washington, DC, USA",tgn/7013962,
present_loc_geog,K-37866,"Lincoln, NE, USA",tgn/7013892,
present_loc_geog,K-37959,"Water Mill, NY, USA",tgn/2072983,
present_loc_geog,K-37961,"Baltimore, MD, USA",tgn/7013352,
present_loc_geog,K-37996,"Tulsa, OK, USA",tgn/7014663,
present_loc_geog,K-38008,"Baton Rouge, LA, USA",tgn/7017543,
present_loc_geog,K-38040,"Rochester, NY, USA",tgn/7014348,
present_loc_geog,K-38042,"Atlanta, GA, USA",tgn/7013331,
present_loc_geog,K-38048,"Cody, WY, USA",tgn/7013629,
present_loc_geog,K-38050,"Cody, WY, USA",tgn/7013629,
present_loc_geog,K-38059,"Tulsa, OK, USA",tgn/7014663,
present_loc_geog,K-38060,"Tulsa, OK, USA",tgn/7014663,
present_loc_geog,K-38073,"Omaha, NE, USA",tgn/7014285,
present_loc_geog,K-38080,"Cody, WY, USA",tgn/7013629,
present_loc_geog,K-38083,"Cody, WY, USA",tgn/7013629,
present_loc_geog,K-38084,"Cody, WY, USA",tgn/7013629,
present_loc_geog,K-38089,"Tulsa, OK, USA",tgn/7014663,
present_loc_geog,K-38094,"Wichita, KS, USA",tgn/7016216,
present_loc_geog,K-38124,"Cody, WY, USA",tgn/7013629,
present_loc_geog,K-38126,"Cody, WY, USA",tgn/7013629,
present_loc_geog,K-38140,"Tulsa, OK, USA",tgn/7014663,
present_loc_geog,K-38141,"Omaha, NE, USA",tgn/7014285,
present_loc_geog,K-38144,"Washington, DC, USA",tgn/7013962,
present_loc_geog,K-38145,"Tulsa, OK, USA",tgn/7014663,
present_loc_geog,K-38146,"Tulsa, OK, USA",tgn/7014663,
present_loc_geog,K-38186,"Richmond, VA, USA",tgn/7013964,
present_loc_geog,K-38191,"Houston, TX, USA",tgn/7013727,
present_loc_geog,K-38238,"Washington, DC, USA",tgn/7013962,
present_loc_geog,K-38240,"Pittsburgh, PA, USA",tgn/7013927,
present_loc_geog,K-38262,"Los Angeles, CA, USA",tgn/7023900,
present_loc_geog,K-38335,"London, England, UK",tgn/7011781,
present_loc_geog,K-38364,"Pasadena, CA, USA",tgn/7014389,
present_loc_geog,K-38414,"Ann Arbor, MI, USA",tgn/7013304,
present_loc_geog,K-38419,"Saint Louis, MO, USA",tgn/7014444,
present_loc_geog,K-38432,"Washington, DC, USA",tgn/7013962,
present_loc_geog,K-38467,"Ponce, Puerto Rico, USA",tgn/7005857,
present_loc_geog,K-38468,"Raleigh, NC, USA",tgn/7013949,
present_loc_geog,K-38469,"Springfield, MA, USA",tgn/7014531,
present_loc_geog,K-38475,"Tulsa, OK, USA",tgn/7014663,
present_loc_geog,K-38489,"Cody, WY, USA",tgn/7013629,
present_loc_geog,K-38498,"Springfield, MA, USA",tgn/7014531,
present_loc_geog,K-38500,"Washington, DC, USA",tgn/7013962,
present_loc_geog,K-38503,"Cody, WY, USA",tgn/7013629,
present_loc_geog,K-38513,"Cody, WY, USA",tgn/7013629,
present_loc_geog,K-38514,"Cody, WY, USA",tgn/7013629,
present_loc_geog,K-38517,"Omaha, NE, USA",tgn/7014285,
present_loc_geog,K-38529,"Omaha, NE, USA",tgn/7014285,
present_loc_geog,K-38533,"Tulsa, OK, USA",tgn/7014663,
present_loc_geog,K-38546,"Omaha, NE, USA",tgn/7014285,
present_loc_geog,K-38549,"Omaha, NE, USA",tgn/7014285,
present_loc_geog,K-38559,"Tulsa, OK, USA",tgn/7014663,
present_loc_geog,K-38561,"Omaha, NE, USA",tgn/7014285,
present_loc_geog,K-38572,"Pasadena, CA, USA",tgn/7014389,
present_loc_geog,K-38573,"Pasadena, CA, USA",tgn/7014389,
present_loc_geog,K-38593,"Wilmington, DE, USA",tgn/7014632,
present_loc_geog,K-38599,"Tulsa, OK, USA",tgn/7014663,
present_loc_geog,K-38643,"Omaha, NE, USA",tgn/7014285,
present_loc_geog,K-38659,"Washington, DC, USA",tgn/7013962,
present_loc_geog,K-38670,"Cody, WY, USA",tgn/7013629,
present_loc_geog,K-38673,"Cody, WY, USA",tgn/7013629,
present_loc_geog,K-38675,"Cody, WY, USA",tgn/7013629,
present_loc_geog,K-38676,"Cody, WY, USA",tgn/7013629,
present_loc_geog,K-38677,"Cody, WY, USA",tgn/7013629,
present_loc_geog,K-38678,"Cody, WY, USA",tgn/7013629,
present_loc_geog,K-38683,"Tulsa, OK, USA",tgn/7014663,
present_loc_geog,K-38724,"Omaha, NE, USA",tgn/7014285,
present_loc_geog,K-38734,"Tulsa, OK, USA",tgn/7014663,
present_loc_geog,K-38736,"Tulsa, OK, USA",tgn/7014663,
present_loc_geog,K-38737,"Santa Barbara, CA, USA",tgn/7017752,
present_loc_geog,K-38739,"Boston, MA, USA",tgn/7013445,
present_loc_geog,K-38756,"Rochester, NY, USA.  Memorial Art Gallery, University of Rochester",tgn/7014348,
present_loc_geog,K-38772,"Tulsa, OK, USA",tgn/7014663,
present_loc_geog,K-38808,"Washington, DC, USA",tgn/7013962,
present_loc_geog,K-38809,"Washington, DC, USA",tgn/7013962,
present_loc_geog,K-38871,"Tulsa, OK, USA",tgn/7014663,
present_loc_geog,K-38895,"Tulsa, OK, USA",tgn/7014663,
present_loc_geog,K-38897,"Washington, DC, USA",tgn/7013962,
present_loc_geog,K-38925,"New Orleans, LA, USA",tgn/7014214,
present_loc_geog,K-38931,"Chicago, IL, USA",tgn/7013596,
present_loc_geog,K-38934,"Chicago, IL, USA",tgn/7013596,
present_loc_geog,K-38974,"Cleveland, OH, USA",tgn/7013608,
present_loc_geog,K-38978,"Tulsa, OK, USA",tgn/7014663,
present_loc_geog,K-38984,"Greensburg, PA, USA",tgn/7014139,
present_loc_geog,K-39001,"Cody, WY, USA",tgn/7013629,
present_loc_geog,K-39022,"Pittsburgh, PA, USA",tgn/7013927,
present_loc_geog,K-39083,"Raleigh, NC, USA",tgn/7013949,
present_loc_geog,K-39087,"Northampton, MA, USA",tgn/7014242,
present_loc_geog,K-39102,"Pasadena, CA, USA",tgn/7014389,
present_loc_geog,K-39105,"Tulsa, OK, USA",tgn/7014663,
present_loc_geog,K-39107,"Washington, DC, USA",tgn/7013962,
present_loc_geog,K-39127,"Cambridge, MA, USA",tgn/7013527,
present_loc_geog,K-39134,"Chicago, IL, USA",tgn/7013596,
present_loc_geog,K-39161,"Cody, WY, USA",tgn/7013629,
present_loc_geog,K-39176,"Tulsa, OK, USA",tgn/7014663,
present_loc_geog,K-39182,"Tulsa, OK, USA",tgn/7014663,
present_loc_geog,K-39212,"Cleveland, OH, USA",tgn/7013608,
present_loc_geog,K-39233,"Greensburg, PA, USA",tgn/7014139,
present_loc_geog,K-39262,"Omaha, NE, USA",tgn/7014285,
present_loc_geog,K-39317,"Pasadena, CA, USA",tgn/7014389,
present_loc_geog,K-39324,"Pasadena, CA, USA",tgn/7014389,
present_loc_geog,K-39355,"Indianapolis, IN, USA",tgn/7012924,
present_loc_geog,K-39434,"Richmond, VA, USA",tgn/7013964,
present_loc_geog,K-39439,"Cody, WY, USA",tgn/7013629,
present_loc_geog,K-39463,"San Antonio, TX, USA",tgn/7014453,
present_loc_geog,K-39476,"Boston, MA, USA",tgn/7013445,
present_loc_geog,K-39538,"Tulsa, OK, USA",tgn/7014663,
present_loc_geog,K-39539,"Jacksonville, FL, USA",tgn/7013804,
present_loc_geog,K-39543,"Atlanta, GA, USA",tgn/7013331,
present_loc_geog,K-39599,"Springfield, MA, USA",tgn/7014531,
present_loc_geog,K-39606,"Williamsburg, VA, USA",tgn/7014629,
present_loc_geog,K-39648,"Washington, DC, USA",tgn/7013962,
present_loc_geog,K-39652,"Richmond, VA, USA",tgn/7013964,
present_loc_geog,K-39692,"Waterville, ME, USA",tgn/7014594,
present_loc_geog,K-39699,"Tulsa, OK, USA",tgn/7014663,
present_loc_geog,K-39713,"Omaha, NE, USA",tgn/7014285,
present_loc_geog,K-39837,"Boston, MA, USA",tgn/7013445,
present_loc_geog,K-39908,"Washington, DC, USA",tgn/7013962,
present_loc_geog,K-39922,"Denver, CO, USA",tgn/7013545,
present_loc_geog,K-39934,"Omaha, NE, USA",tgn/7014285,
present_loc_geog,K-39979,"Omaha, NE, USA",tgn/7014285,
present_loc_geog,K-39980,"Omaha, NE, USA",tgn/7014285,
present_loc_geog,K-40075,"Detroit, MI, USA",tgn/7013547,
present_loc_geog,K-40104,"New Haven, CT, USA",tgn/7014210,
present_loc_geog,K-40141,"Cambridge, MA, USA",tgn/7013527,
present_loc_geog,K-40146,"Seattle, WA, USA",tgn/7014494,
present_loc_geog,K-40196,"Washington, DC, USA",tgn/7013962,
present_loc_geog,K-40309,"Helsinki, Finland",tgn/7009880,
